ticker,as_of,current_revenue_ttm,current_market_cap,current_ps,hist_median_ps,hist_p75_ps,hist_p90_ps,forward_revenue_estimate,forward_revenue_growth,forward_ps,required_revenue,required_growth,growth_gap,years_to_normalise,expectations_burden_score,expectations_classification,plain_explanation,target_multiple_value,target_multiple_label,valuation_anchor_confidence,valuation_anchor_observation_count,revenue_data_cadence,gross_margin,operating_margin,net_margin,net_debt_to_ebitda,interest_coverage,free_cash_flow_ttm,fcf_margin,cash_conversion,quality_flag,revenue_currency,price_currency,fx_rate_applied,currency_note,revenue_cagr_3y,revenue_cagr_5y,roic,share_count_cagr_3y,buybacks_ttm,dividends_ttm,acquisitions_ttm,price_return_6m,benchmark_symbol,benchmark_return_6m,relative_strength_6m,eps_revisions_up_30d,eps_revisions_down_30d,owner_earnings_ttm,owner_earnings_yield,maintenance_capex_ttm,owner_earnings_method,price_cagr_3y,market_cap_cagr_3y,multiple_expansion_gap_3y,anti_bubble_flag,anti_bubble_note,roic_avg_3y,roic_trend,roic_persistence_score,roic_persistence_label,is_mature_company,owner_earnings_richness_score,valuation_burden_score_blended,valuation_pillar,allocation_classification,allocation_multiplier,expected_cagr,expected_cagr_growth_component,expected_cagr_income_component,expected_cagr_reversion_component,buy_priority_score,section,section_target_pct,layer,portfolio_weight,thesis
TPL,2026-10-08T23:18:48.097004+00:00,897541000.0,24677761999.54239,27.494857616022433,31.226042634206735,32.6909211591874,34.90838796902143,1161000000.0,0.29353422294914666,21.255608957400852,823223178.9338838,-0.08280158908185387,-0.3763358120310005,0.0,0.0,Forward Expectations Elevated,"Already trades at or below its historical valuation norm (needs 0% growth) -- 29% forecast growth would be upside on top of an already-fair price. Mature-company read: owner earnings yield (2.2%) is blended 50/50 with the P/S growth-gap for the final classification, since revenue growth alone is a weak value driver here.",29.977000928838464,Historical Median Tactical Anchor (ROIC-adjusted),low,5,quarterly,0.8580755642360628,0.7492493379132541,0.6032214684343111,,342.2300254452926,75998000.0,0.0846735692297065,0.1403689584349188,Solid,USD,USD,1.0,,0.061455817167499704,,0.35109080247541224,-0.001556352156222407,8280000.0,156765000.0,50000000.0,-0.19937917020781848,^GSPC,0.1448588116429148,-0.3442379818507333,2.0,0.0,541416000.0,0.02193942870548957,67575000.0,Net income + D&A - maintenance capex,0.23414121281711076,0.23222045447945994,0.17076463731196023,Elevated multiple expansion,Market cap has grown somewhat faster than revenue over the last 3 years.,0.6995573471749402,-1.3201615745871267,40.0,Weak / inconsistent,True,75.62285699390048,37.81142849695024,Blended 50/50: P/S growth-gap + Owner Earnings Yield (mature-company mode),Fair Value,1.0,0.34556586438134845,0.29353422294914666,0.02193942870548957,0.03009221272671218,58.7,INFRA,0.14,Layer 1: Hard Assets & Global Freight,0.007,"Perpetual tolls on physical commerce: Class I rail networks, port monopolies, Jones Act maritime shipping, and global freight forwarding / contract logistics integration."
ICTEY,2026-10-08T23:18:48.097004+00:00,3750485121.0,29067734808.0,7.7503933145186314,28.867999873577187,29.13375034209897,35.66314381150544,4360064120.0,0.16253337350594976,6.666813608236569,948142284.6170092,-0.7471947617367953,-0.9097281352427451,0.0,0.0,Forward Expectations Manageable,Already trades at or below its historical valuation norm (needs 0% growth) -- 16% forecast growth would be upside on top of an already-fair price.,30.65756614761841,Historical Median Tactical Anchor (ROIC-adjusted),low,5,quarterly,0.5762804563329982,0.5152437769129867,0.3015249170481911,,5.210449411999256,1332284969.0,0.3552300371864347,1.1781117151577234,Solid,USD,USD,1.0,,0.14110646118049797,,0.2325295357765445,-0.001893691143955878,59090532.0,700279913.0,24369118.0,0.4220817397008261,^GSPC,0.1448588116429148,0.27722292805791127,,,1130864715.0,0.03890446649763587,377969080.0,Net income + D&A - maintenance capex,,,,Insufficient data,,0.22609275675456864,0.026986442537996952,65.4978374140774,Moderate,False,56.77281500262681,0.0,P/S growth-gap,Deep Undervalued,2.0,1.1866425861157734,0.16253337350594976,0.03890446649763587,0.9852047461121879,82.5,INFRA,0.14,Layer 1: Hard Assets & Global Freight,0.007,"Perpetual tolls on physical commerce: Class I rail networks, port monopolies, Jones Act maritime shipping, and global freight forwarding / contract logistics integration."
CNI,2026-10-08T23:18:48.097004+00:00,12485588288.903236,70583041787.71973,5.653161080960159,5.203446882651729,5.434331348954934,5.737338662958769,13606514296.9428,0.08977758853668161,5.187444796466262,16398892632.447617,0.31342570754334353,0.22364811900666193,3.171190672635536,71.35602269502213,Forward Expectations Elevated,"⚠ Historical P/S converts all past periods at TODAY's FX rate -- percentiles are approximate for foreign-currency reporters (material mainly for high-inflation currencies). Needs 31% growth to look fairly valued; analysts expect 9% -- covers part of what's required, but the price still leans on the forecast coming through. Mature-company read: owner earnings yield (4.8%) is blended 50/50 with the P/S growth-gap for the final classification, since revenue growth alone is a weak value driver here.",4.3041346369974285,Historical Median Tactical Anchor (ROIC-adjusted),low,5,quarterly,0.4201903045999662,0.37548561454873036,0.26924159675693937,,7.125,3548000000.0,0.19976352682844434,0.7419489753241322,Solid,CAD,USD,0.7029777765274048,Revenue converted from CAD to USD at 0.703 to match the share price currency.,0.003823943413180375,,0.11583701500423964,-0.029519815063615895,3007000000.0,2207000000.0,,0.09708940327018123,^GSPC,0.1448588116429148,-0.04776940837273358,3.0,3.0,3361639727.3540497,0.04762673359224537,1353935197.5917816,Net income + D&A - maintenance capex,0.05066024244477907,0.019644946393115426,0.01582100297993505,No bubble signal,Market cap growth has not materially outpaced revenue growth over the last 3 years.,0.1262182300557946,-0.024247715739220924,6.792474972089934,Poor,True,47.08140711972737,59.21871490737475,Blended 50/50: P/S growth-gap + Owner Earnings Yield (mature-company mode),Expensive,0.75,0.05786024495139584,0.08977758853668161,0.04762673359224537,-0.07954407717753113,56.4,INFRA,0.14,Layer 1: Hard Assets & Global Freight,0.007,"Perpetual tolls on physical commerce: Class I rail networks, port monopolies, Jones Act maritime shipping, and global freight forwarding / contract logistics integration."
CP,2026-10-08T23:18:48.097004+00:00,10860303669.571877,74150331203.03156,6.827648052860996,6.954620378959503,7.209683563922972,7.227886818084402,12236787512.025774,0.12674450773512858,6.059623992829808,12708609117.32049,0.17018911293679095,0.04344460520166238,1.3170373536823725,25.52725286123203,Forward Expectations Elevated,"⚠ Historical P/S converts all past periods at TODAY's FX rate -- percentiles are approximate for foreign-currency reporters (material mainly for high-inflation currencies). Needs 17% growth to look fairly valued; analysts expect 13% -- covers part of what's required, but the price still leans on the forecast coming through.",5.834653542217495,Historical Median Tactical Anchor (ROIC-adjusted),low,5,quarterly,0.36759660819470513,0.36759660819470513,0.2503074632662308,,6.193020719738277,2403000000.0,0.15554404815845685,0.6214119472459271,Solid,CAD,USD,0.7029777765274048,Revenue converted from CAD to USD at 0.703 to match the share price currency.,0.19597902823791657,,0.06108788661659565,-0.011927477351666882,4165000000.0,817000000.0,493000000.0,0.03757373854048329,^GSPC,0.1448588116429148,-0.10728507310243152,1.0,2.0,2718415061.8314743,0.03666086203159582,1443213375.210762,Net income + D&A - maintenance capex,0.057416598881865566,0.04480428634742539,-0.15117474189049118,No bubble signal,Market cap growth has not materially outpaced revenue growth over the last 3 years.,0.05760540116307338,0.012684459409967992,9.74018797164134,Poor,False,59.265708853782414,25.52725286123203,P/S growth-gap,Undervalued,1.5,0.11492627892140733,0.12674450773512858,0.03666086203159582,-0.04847909084531706,80.0,INFRA,0.14,Layer 1: Hard Assets & Global Freight,0.007,"Perpetual tolls on physical commerce: Class I rail networks, port monopolies, Jones Act maritime shipping, and global freight forwarding / contract logistics integration."
UNP,2026-10-08T23:18:48.097004+00:00,25410000000.0,165271810795.49817,6.504203494509963,5.651353338357279,5.820070658030368,6.263570020060958,28260810150.0,0.11219244982290433,5.84809175385576,33095803494.512386,0.3024716054510974,0.1902791556281931,2.485240517198675,62.90810515731427,Forward Expectations Elevated,"Needs 30% growth to look fairly valued; analysts expect 11% -- covers part of what's required, but the price still leans on the forecast coming through. Mature-company read: owner earnings yield (4.4%) is blended 50/50 with the P/S growth-gap for the final classification, since revenue growth alone is a weak value driver here.",4.993739185782327,Historical Median Tactical Anchor (ROIC-adjusted),low,5,quarterly,0.45623770169224714,0.4002754820936639,0.28846910665092484,,7.915175097276265,6504000000.0,0.25596221959858323,0.8873124147339699,Solid,USD,USD,1.0,,-0.004915242301498868,,0.15328045760525547,-0.010532738186148416,26000000.0,3277000000.0,,0.12778735430081567,^GSPC,0.1448588116429148,-0.01707145734209914,3.0,1.0,7330000000.0,0.044351181031530525,2513000000.0,Net income + D&A - maintenance capex,0.13621418372175476,0.12424673720122525,0.12916197950272412,Mild multiple expansion,Market cap has grown somewhat faster than revenue over the last 3 years.,0.15143976543276313,-0.012490229229458638,20.908996783498495,Weak / inconsistent,True,50.720909964966076,56.814507561140175,Blended 50/50: P/S growth-gap + Owner Earnings Yield (mature-company mode),Expensive,0.75,0.07913398287306496,0.11219244982290433,0.044351181031530525,-0.07740964798136989,54.4,INFRA,0.14,Layer 1: Hard Assets & Global Freight,0.007,"Perpetual tolls on physical commerce: Class I rail networks, port monopolies, Jones Act maritime shipping, and global freight forwarding / contract logistics integration."
MATX,2026-10-08T23:18:48.097004+00:00,3320300000.0,6811708497.052155,2.0515340472403563,1.1434594087822492,1.1643981079921089,1.3763414433298324,3740896510.0,0.12667424931482096,1.8208759528213077,7446382054.246273,1.2426835087932635,1.1160092594784425,6.77179610576523,89.80639491725204,Forward Expectations Elevated,"Needs 124% growth to look fairly valued; analysts expect 13% -- covers part of what's required, but the price still leans on the forecast coming through. Mature-company read: owner earnings yield (6.3%) is blended 50/50 with the P/S growth-gap for the final classification, since revenue growth alone is a weak value driver here.",0.9147675270257993,Historical Median Tactical Anchor (ROIC-adjusted),low,5,quarterly,0.22419660874017408,0.13498780230702045,0.12923531006234376,,66.8955223880597,199500000.0,0.0600849320844502,0.46492659053833607,Solid,USD,USD,1.0,,-0.0833987250864302,,0.11643666226595117,-0.057411103568145494,289200000.0,44600000.0,,0.3256420620933971,^GSPC,0.1448588116429148,0.18078325045048227,2.0,0.0,429100000.0,0.06299447490826977,300800000.0,Net income + D&A - maintenance capex,0.3805413228163612,0.30128292195204653,0.38468164703847674,High multiple expansion risk,Market cap growth is far ahead of revenue growth while P/S is near historical highs -- multiple expansion is doing most of the work.,0.1157250164232891,-0.22149868910399878,0.0,Poor,True,30.00613899081136,59.90626695403169,Blended 50/50: P/S growth-gap + Owner Earnings Yield (mature-company mode),Expensive,0.75,0.004966854948942584,0.12667424931482096,0.06299447490826977,-0.18470186927414814,48.3,INFRA,0.14,Layer 1: Hard Assets & Global Freight,0.007,"Perpetual tolls on physical commerce: Class I rail networks, port monopolies, Jones Act maritime shipping, and global freight forwarding / contract logistics integration."
DSV.CO,2026-10-08T23:18:48.097004+00:00,280772000000.0,275305180219.0,0.9805293270660892,1.6452809993577593,1.655538130191215,1.6809916313095463,303358455790.0,0.08044411761144277,0.9075243328954051,209162735975.2424,-0.25504417828258374,-0.3354882958940265,0.0,0.0,Forward Expectations Elevated,"Already trades at or below its historical valuation norm (needs 0% growth) -- 8% forecast growth would be upside on top of an already-fair price. Mature-company read: owner earnings yield (2.8%) is blended 50/50 with the P/S growth-gap for the final classification, since revenue growth alone is a weak value driver here.",1.3162247994862075,Historical Median Tactical Anchor (ROIC-adjusted),low,5,quarterly,0.26904392175857994,0.07616144059948998,0.025458379040645077,,5.157742402315485,7818000000.0,0.027844656874617128,1.0937325125909345,Solid,DKK,DKK,1.0,,0.016235796238993183,,0.06656213856806814,0.029611685325740433,0.0,4488000000.0,101053333333.33333,,,,,2.0,6.0,7818000000.0,0.028397576804696994,2647000000.0,Operating cash flow - maintenance capex,-0.03944714248049386,-0.011003553524885468,-0.02723934976387865,No bubble signal,Market cap growth has not materially outpaced revenue growth over the last 3 years.,0.0999587274428178,-0.12126577646079276,0.0,Poor,True,68.44713688367001,34.223568441835006,Blended 50/50: P/S growth-gap + Owner Earnings Yield (mature-company mode),Undervalued,1.5,0.22296218802903905,0.08044411761144277,0.028397576804696994,0.11412049361289929,61.3,INFRA,0.14,Layer 1: Hard Assets & Global Freight,0.007,"Perpetual tolls on physical commerce: Class I rail networks, port monopolies, Jones Act maritime shipping, and global freight forwarding / contract logistics integration."
ABBN.SW,2026-10-08T23:18:48.097004+00:00,29564103813.171387,142599196314.8,4.823389784312328,4.002081552397245,4.302300747918318,4.945151831465075,35289275473.35425,0.19365280599617507,4.040864948402579,32719741269.90661,0.10673881666351481,-0.08691398933266026,0.5729224079450989,0.0,Forward Expectations Elevated,"⚠ Historical P/S converts all past periods at TODAY's FX rate -- percentiles are approximate for foreign-currency reporters (material mainly for high-inflation currencies). Needs 11% growth to look fairly valued; analysts expect 19% -- covers part of what's required, but the price still leans on the forecast coming through. Mature-company read: owner earnings yield (2.9%) is blended 50/50 with the P/S growth-gap for the final classification, since revenue growth alone is a weak value driver here.",4.358200608571225,Historical Median Tactical Anchor (ROIC-adjusted),low,5,quarterly,0.40086061424232194,0.16931038362020476,0.1400326245921926,,105.6140350877193,4159000000.0,0.11697041286983913,0.8353082948383209,Solid,USD,CHF,0.8314800262451172,Revenue converted from USD to CHF at 0.8315 to match the share price currency.,0.04101688440859852,,0.208535889357564,-0.008446808143657059,1317000000.0,5424000000.0,306000000.0,,,,,0.0,2.0,4139939050.6744385,0.029031994272500437,709252462.387085,Net income + D&A - maintenance capex,0.3645113528122883,0.352985587205241,0.31196870279664246,High multiple expansion risk,Market cap growth is outpacing revenue growth and the current multiple is above its historical 75th percentile -- expansion risk is elevated.,0.2008780875989807,0.054139542932391455,72.24586452771459,High & durable,True,67.74222858611063,33.871114293055314,Blended 50/50: P/S growth-gap + Owner Earnings Yield (mature-company mode),Undervalued,1.5,0.1905366502094169,0.19365280599617507,0.029031994272500437,-0.032148150059258605,58.5,INFRA,0.14,"Layer 2: Electrification, Grid & AI-Power Build",0.004,"The full electrification stack: grid OEMs, generation equipment, clean nuclear baseload, build-out EPC, HV/optical cabling for AI factories, data-center power/cooling, motion control and gases."
SU.PA,2026-10-08T23:18:48.097004+00:00,40152000000.0,147077946192.1,3.663029144055091,2.8938331432316726,3.2941906442601225,3.5408864626532703,49669303310.0,0.23703186167563262,2.9611437324607808,54841351707.992966,0.36584358706896203,0.1288117253933294,1.465681638209034,35.20950754537846,Forward Expectations Elevated,"Needs 37% growth to look fairly valued; analysts expect 24% -- covers part of what's required, but the price still leans on the forecast coming through. Mature-company read: owner earnings yield (2.9%) is blended 50/50 with the P/S growth-gap for the final classification, since revenue growth alone is a weak value driver here.",2.6818803988499034,Historical Median Tactical Anchor (ROIC-adjusted),low,4,annual,0.42077605100617654,0.17458657103008568,0.1036810121538155,1.5821786908743432,12.981481481481481,4588000000.0,0.11426578999800757,1.1020898390583713,Solid,EUR,EUR,1.0,,0.05518510129741738,,0.14313225740795238,0.001849637287687056,,2191000000.0,1158000000.0,,,,,0.0,3.0,4272000000.0,0.029045823052358217,1543000000.0,Net income + D&A - maintenance capex,0.19717189487266906,0.19938622864919653,0.14420112735177915,Mild multiple expansion,Market cap has grown somewhat faster than revenue over the last 3 years.,0.13394763843959495,0.013639891877217591,31.689273889417137,Weak / inconsistent,True,67.72686327515754,51.468185410268,Blended 50/50: P/S growth-gap + Owner Earnings Yield (mature-company mode),Fair Value,1.0,0.17679377000242896,0.23703186167563262,0.029045823052358217,-0.08928391472556185,56.4,INFRA,0.14,"Layer 2: Electrification, Grid & AI-Power Build",0.004,"The full electrification stack: grid OEMs, generation equipment, clean nuclear baseload, build-out EPC, HV/optical cabling for AI factories, data-center power/cooling, motion control and gases."
ETN,2026-10-08T23:18:48.097004+00:00,30025000000.0,164879687792.96875,5.491413415252914,4.992114871268797,5.135936433587245,5.160421489011781,36788146930.0,0.2252505222314738,4.481869883435544,32639175138.557667,0.08706661577211205,-0.13818390645936174,0.41095155815898343,0.0,Forward Expectations Elevated,"Needs 9% growth to look fairly valued; analysts expect 23% -- covers part of what's required, but the price still leans on the forecast coming through. Mature-company read: owner earnings yield (2.4%) is blended 50/50 with the P/S growth-gap for the final classification, since revenue growth alone is a weak value driver here.",5.051588684243165,Historical Median Tactical Anchor (ROIC-adjusted),low,5,quarterly,0.35903413821815156,0.1770857618651124,0.1275270607826811,,11.975225225225225,3934000000.0,0.13102414654454622,1.0274223034734917,Solid,USD,USD,1.0,,0.09769979247934413,,0.14729047965229802,-0.008365410904862536,555000000.0,1666000000.0,11135000000.0,0.10672362930178436,^GSPC,0.1448588116429148,-0.03813518234113045,3.0,0.0,3997000000.0,0.024241918780309887,1016000000.0,Net income + D&A - maintenance capex,0.2792418369926881,0.268540453379553,0.17084066090020888,Elevated multiple expansion,Market cap has grown somewhat faster than revenue over the last 3 years.,0.13384090100316157,0.049171558936379964,52.978387642713216,Moderate,True,73.06453468854457,36.532267344272285,Blended 50/50: P/S growth-gap + Owner Earnings Yield (mature-company mode),Fair Value,1.0,0.22279471629437334,0.2252505222314738,0.024241918780309887,-0.02669772471741035,61.4,INFRA,0.14,"Layer 2: Electrification, Grid & AI-Power Build",0.004,"The full electrification stack: grid OEMs, generation equipment, clean nuclear baseload, build-out EPC, HV/optical cabling for AI factories, data-center power/cooling, motion control and gases."
GEV,2026-10-08T23:18:48.097004+00:00,41367000000.0,266160457670.0653,6.434125212610663,4.577189322812722,6.147899605799958,6.810685518218953,52816371680.0,0.2767754896415018,5.039355207560621,57046011684.87104,0.37902220815797705,0.10224671851647527,1.315288784239322,26.976445262505223,Forward Expectations Elevated,"Needs 38% growth to look fairly valued; analysts expect 28% -- covers part of what's required, but the price still leans on the forecast coming through. Mature-company read: owner earnings yield (3.6%) is blended 50/50 with the P/S growth-gap for the final classification, since revenue growth alone is a weak value driver here.",4.665715442831786,Historical Median Tactical Anchor (ROIC-adjusted),low,5,quarterly,0.20214180385331304,0.04358546667633621,0.23035269659390337,,,12438000000.0,0.3006744506490681,1.305278623150383,Solid,USD,USD,1.0,,0.08682326316822997,,0.39663049685893775,-0.005571909894025007,5406000000.0,409000000.0,3813000000.0,0.06814722332998158,^GSPC,0.1448588116429148,-0.07671158831293323,3.0,2.0,9529000000.0,0.03580171180728967,1202000000.0,Net income + D&A - maintenance capex,,,,Insufficient data,,0.13869706810064672,0.6306173376114822,54.83517906818108,Moderate,True,60.22032021412258,43.5983827383139,Blended 50/50: P/S growth-gap + Owner Earnings Yield (mature-company mode),Fair Value,1.0,0.22096102927603284,0.2767754896415018,0.03580171180728967,-0.09161617217275864,65.1,INFRA,0.14,"Layer 2: Electrification, Grid & AI-Power Build",0.004,"The full electrification stack: grid OEMs, generation equipment, clean nuclear baseload, build-out EPC, HV/optical cabling for AI factories, data-center power/cooling, motion control and gases."
CEG,2026-10-08T23:18:48.097004+00:00,31270000000.0,101002407126.55475,3.230009821763823,3.971017525793431,4.4153588260456695,4.417764063224306,36677834790.0,0.17294003165973781,2.7537723452010443,24785399704.605194,-0.20737448977917516,-0.380314521438913,0.0,0.0,Forward Expectations Elevated,"Already trades at or below its historical valuation norm (needs 0% growth) -- 17% forecast growth would be upside on top of an already-fair price. Mature-company read: owner earnings yield (3.4%) is blended 50/50 with the P/S growth-gap for the final classification, since revenue growth alone is a weak value driver here.",4.075076792398399,Historical Median Tactical Anchor (ROIC-adjusted),low,5,quarterly,0.21426287176207226,0.14339622641509434,0.11080908218740007,,5.72669220945083,309000000.0,0.009881675727534378,0.08917748917748917,Solid,USD,USD,1.0,,0.01469039149633189,,0.13986001715566546,-0.015225459740157432,400000000.0,551000000.0,2537000000.0,0.00591628425473667,^GSPC,0.1448588116429148,-0.13894252738817814,2.0,0.0,3465000000.0,0.03430611307766555,2334000000.0,Net income + D&A - maintenance capex,0.38079141842036135,0.3597682342696473,0.34507784277331544,High multiple expansion risk,"Market cap growth is outpacing revenue growth, but the current multiple is not at an extreme historical level.",0.14482561232935595,0.15955691278020714,56.55117145221966,Moderate,True,61.882096580371616,30.941048290185808,Blended 50/50: P/S growth-gap + Owner Earnings Yield (mature-company mode),Undervalued,1.5,0.29445609323771543,0.17294003165973781,0.03430611307766555,0.08720994850031209,61.1,INFRA,0.14,"Layer 2: Electrification, Grid & AI-Power Build",0.004,"The full electrification stack: grid OEMs, generation equipment, clean nuclear baseload, build-out EPC, HV/optical cabling for AI factories, data-center power/cooling, motion control and gases."
PWR,2026-10-08T23:18:48.097004+00:00,32905140000.0,103034840094.0351,3.13126885629525,2.196594303393719,2.783111209331591,2.9357027276559635,45687339840.0,0.3884560235878043,2.2552164440930405,54005540720.56562,0.6412493829403436,0.2527933593525393,1.5096566466164452,39.422004305625514,Forward Expectations Elevated,"Needs 64% growth to look fairly valued; analysts expect 39% -- covers part of what's required, but the price still leans on the forecast coming through.",1.9078568368967157,Historical Median Tactical Anchor (ROIC-adjusted),low,5,quarterly,0.1545648187486818,0.061220830545015155,0.04032427760526167,,6.843383644337549,2391158000.0,0.0726682214389606,1.8020960511758446,Solid,USD,USD,1.0,,0.18595310976676038,,0.07977545401813067,0.015267338756738136,0.0,63793000.0,3423547000.0,0.1896988766121166,^GSPC,0.1448588116429148,0.04484006496920179,0.0,1.0,1570309000.0,0.0152405632751684,787091000.0,Net income + D&A - maintenance capex,0.5834672469845028,0.6076425778544148,0.4216894680876544,High multiple expansion risk,Market cap growth is far ahead of revenue growth while P/S is near historical highs -- multiple expansion is doing most of the work.,0.08650210195191803,0.01152910662907028,17.138052523979216,Poor,False,83.06604080536844,39.422004305625514,P/S growth-gap,Fair Value,1.0,0.27346056268820096,0.3884560235878043,0.0152405632751684,-0.13023602417477176,58.7,INFRA,0.14,"Layer 2: Electrification, Grid & AI-Power Build",0.004,"The full electrification stack: grid OEMs, generation equipment, clean nuclear baseload, build-out EPC, HV/optical cabling for AI factories, data-center power/cooling, motion control and gases."
PRY.MI,2026-10-08T23:18:48.097004+00:00,21088000000.0,36601218516.4,1.735642000967375,1.336892889773387,1.5025211858032292,1.7948783090323983,25474186230.0,0.2079944153072837,1.4367963783391091,30034996340.653625,0.42426955333145044,0.21627513802416676,1.8715935907219865,50.97587991547604,Forward Expectations Elevated,"Needs 42% growth to look fairly valued; analysts expect 21% -- covers part of what's required, but the price still leans on the forecast coming through. Mature-company read: owner earnings yield (3.0%) is blended 50/50 with the P/S growth-gap for the final classification, since revenue growth alone is a weak value driver here.",1.2186190436407252,Historical Median Tactical Anchor (ROIC-adjusted),low,5,quarterly,0.36788694992412746,0.0727902124430956,0.0518304248861912,,7.274881516587678,1504000000.0,0.07132018209408195,1.3760292772186642,Solid,EUR,EUR,1.0,,0.06940592757821373,,0.1190302590461036,0.028618564136781544,2000000.0,352000000.0,302000000.0,,,,,0.0,5.0,1093000000.0,0.02986239377550386,711000000.0,Net income + D&A - maintenance capex,0.5203309742920235,0.5638406637889353,0.49443473621072154,High multiple expansion risk,Market cap growth is outpacing revenue growth and the current multiple is above its historical 75th percentile -- expansion risk is elevated.,0.11781739863818465,0.014823046775859924,27.882699684207655,Weak / inconsistent,True,66.81956247166238,58.89772119356921,Blended 50/50: P/S growth-gap + Owner Earnings Yield (mature-company mode),Expensive,0.75,0.1385615709636972,0.2079944153072837,0.02986239377550386,-0.09929523811909036,51.7,INFRA,0.14,"Layer 2: Electrification, Grid & AI-Power Build",0.004,"The full electrification stack: grid OEMs, generation equipment, clean nuclear baseload, build-out EPC, HV/optical cabling for AI factories, data-center power/cooling, motion control and gases."
5803.T,2026-10-08T23:18:48.097004+00:00,1182358000000.0,9126221492232.0,7.718661769305067,1.0817394082471294,2.9029635894606067,5.788744710712528,1932355478650.0,0.6343235117028851,4.722848147281806,7415252335484.72,5.2715796192732824,4.637256107570398,3.737622145275203,87.96710744188039,Forward Expectations Stretched,"Needs 527% growth to look fairly valued by its own history, but analysts only expect 63% -- the price is asking for more growth than is currently forecast.",1.2307364711730255,Historical Median Tactical Anchor (ROIC-adjusted),low,4,annual,0.28103417069956815,0.1596022524480741,0.13292336162143784,-0.3413124102300255,91.20686321894635,93850000000.0,0.07937528227491165,0.5971507288611188,Solid,JPY,JPY,1.0,,0.13603046350872217,,0.310863789089215,0.00017013513759800425,,44639000000.0,2353000000.0,0.1347843517121221,^N225,0.3108045954490166,-0.1760202437368945,5.0,0.0,157163000000.0,0.01722103722047213,26553000000.0,Net income + D&A - maintenance capex,2.1065788098614227,2.1071073480746976,1.9710768845659754,High multiple expansion risk,Market cap growth is far ahead of revenue growth while P/S is near historical highs -- multiple expansion is doing most of the work.,0.2444092920012746,0.15251238926660932,84.43460176035688,High & durable,False,80.86551419947541,87.96710744188039,P/S growth-gap,Very Expensive,0.5,0.37136103645954804,0.6343235117028851,0.01722103722047213,-0.2801835124638092,43.2,INFRA,0.14,"Layer 2: Electrification, Grid & AI-Power Build",0.004,"The full electrification stack: grid OEMs, generation equipment, clean nuclear baseload, build-out EPC, HV/optical cabling for AI factories, data-center power/cooling, motion control and gases."
VRT,2026-10-08T23:18:48.097004+00:00,11479600000.0,93833165760.44307,8.17390551591023,6.086775239556787,9.214099682466337,9.693201519933679,18266601490.0,0.59122282048155,5.136870468861533,13912934961.436724,0.2119703614617865,-0.37925245901976345,0.4138778866167664,0.0,Forward Expectations Manageable,Needs 21% growth to look fairly valued by its own history; analysts expect 59% -- the bar is comfortably cleared if the forecast is anywhere close to right.,6.744311392278179,Historical Median Tactical Anchor (ROIC-adjusted),low,5,quarterly,0.3803878183908847,0.19397017317676574,0.1508763371546047,,28.474424552429667,2924000000.0,0.2547127077598523,1.6882217090069285,Solid,USD,USD,1.0,,0.2158543401649824,,0.26666323616444226,0.004559002986515459,0.0,86000000.0,1481900000.0,-0.13233296239637948,^GSPC,0.1448588116429148,-0.2771917740392943,2.0,0.0,1732000000.0,0.018458292288909998,387200000.0,Net income + D&A - maintenance capex,0.830087697264946,0.838431072542362,0.6225767323773796,High multiple expansion risk,"Market cap growth is outpacing revenue growth, but the current multiple is not at an extreme historical level.",0.21788126230973645,0.2416269676455167,77.00675344672621,High & durable,False,79.49078634565556,0.0,P/S growth-gap,Deep Undervalued,2.0,0.5513820079402825,0.59122282048155,0.018458292288909998,-0.05829910483017753,72.7,INFRA,0.14,"Layer 2: Electrification, Grid & AI-Power Build",0.004,"The full electrification stack: grid OEMs, generation equipment, clean nuclear baseload, build-out EPC, HV/optical cabling for AI factories, data-center power/cooling, motion control and gases."
AGX,2026-10-08T23:18:48.097004+00:00,1188133000.0,5593136863.098816,4.707500644371309,4.812585604494494,7.06639542712648,8.60616306559217,1687268900.0,0.4201010324601706,3.314905444590851,968491320.2505534,-0.18486287288497716,-0.6049639053451478,0.0,0.0,Forward Expectations Manageable,Already trades at or below its historical valuation norm (needs 0% growth) -- 42% forecast growth would be upside on top of an already-fair price.,5.775102725393393,Historical Median Tactical Anchor (ROIC-adjusted),low,5,quarterly,0.2086298419453041,0.1536056990252775,0.15092081442060779,,,545701000.0,0.45929285694446664,3.043270464102078,Solid,USD,USD,1.0,,0.2756563885918484,,0.9227796863195247,0.012469407682418998,12478000.0,28051000.0,11519000.0,-0.3212224582391979,^GSPC,0.1448588116429148,-0.46608126988211274,2.0,0.0,179314000.0,0.03205964817042811,8807000.0,Net income + D&A - maintenance capex,1.0543983508591577,1.0800154814381098,0.8043590928462614,High multiple expansion risk,"Market cap growth is outpacing revenue growth, but the current multiple is not at an extreme historical level.",0.49869546640652224,0.6330873528001522,100.0,High & durable,False,64.37816869952432,0.0,P/S growth-gap,Deep Undervalued,2.0,0.5277564982894237,0.4201010324601706,0.03205964817042811,0.07559581765882502,78.2,INFRA,0.14,"Layer 2: Electrification, Grid & AI-Power Build",0.004,"The full electrification stack: grid OEMs, generation equipment, clean nuclear baseload, build-out EPC, HV/optical cabling for AI factories, data-center power/cooling, motion control and gases."
LIN,2026-10-08T23:18:48.097004+00:00,35449000000.0,222054150144.29926,6.264045534268929,6.513940133799258,6.681543426876614,6.948640906034988,38107969010.0,0.07500829388699248,5.82697414511987,36254618624.83429,0.022726131197898125,-0.05228216268909436,0.3106905019244931,0.0,Forward Expectations Elevated,"Needs 2% growth to look fairly valued; analysts expect 8% -- covers part of what's required, but the price still leans on the forecast coming through. Mature-company read: owner earnings yield (3.3%) is blended 50/50 with the P/S growth-gap for the final classification, since revenue growth alone is a weak value driver here.",6.1248513587229665,Historical Median Tactical Anchor (ROIC-adjusted),low,5,quarterly,0.483483314056814,0.27100905526248975,0.20434991113994752,,20.88478260869565,4975000000.0,0.14034246382126436,0.6867752622860298,Solid,USD,USD,1.0,,0.006176060609136114,,0.1172938981761858,-0.019870503295648434,4057000000.0,2878000000.0,386000000.0,-0.031300805498928996,^GSPC,0.1448588116429148,-0.1761596171418438,3.0,1.0,7244000000.0,0.032622673322217,3825000000.0,Net income + D&A - maintenance capex,0.10225684235561627,0.08035444413693793,0.07417838352780182,Mild multiple expansion,Market cap has grown somewhat faster than revenue over the last 3 years.,0.1161223166896253,0.027588040220235532,35.06707280523641,Weak / inconsistent,True,63.75258519753666,31.87629259876833,Blended 50/50: P/S growth-gap + Owner Earnings Yield (mature-company mode),Undervalued,1.5,0.10022392358835945,0.07500829388699248,0.032622673322217,-0.007407043620850022,61.9,INFRA,0.14,"Layer 2: Electrification, Grid & AI-Power Build",0.004,"The full electrification stack: grid OEMs, generation equipment, clean nuclear baseload, build-out EPC, HV/optical cabling for AI factories, data-center power/cooling, motion control and gases."
NVT,2026-10-08T23:18:48.097004+00:00,4834000000.0,26577073089.84877,5.497946439770122,4.173783151011411,4.397880361035662,4.809370541440294,6518901350.0,0.34855220314439395,4.076925184617002,7256786113.547874,0.5011969618427543,0.15264475869836036,1.3585948729698756,30.45604229864649,Forward Expectations Elevated,"Needs 50% growth to look fairly valued; analysts expect 35% -- covers part of what's required, but the price still leans on the forecast coming through.",3.6623751443123522,Historical Median Tactical Anchor (ROIC-adjusted),low,5,quarterly,0.36971452213487793,0.1709764170459247,0.1237691352916839,,11.0347129506008,577700000.0,0.11950765411667356,0.9655691124853752,Solid,USD,USD,1.0,,0.1926087246007977,,0.09262949086843608,-0.007348762570890122,58000000.0,132900000.0,4100000.0,0.2954107763717124,^GSPC,0.1448588116429148,0.15055196472879762,3.0,1.0,717300000.0,0.02698942797707758,112900000.0,Net income + D&A - maintenance capex,0.4692443001454363,0.45844717262503387,0.2658384480242362,Elevated multiple expansion,Market cap growth is outpacing revenue growth and the current multiple is above its historical 75th percentile -- expansion risk is elevated.,0.0810342431977985,0.01779708315834301,19.367837990389386,Poor,False,70.01174669213603,30.45604229864649,P/S growth-gap,Undervalued,1.5,0.2642533337201047,0.34855220314439395,0.02698942797707758,-0.11128829740136685,69.8,INFRA,0.14,"Layer 2: Electrification, Grid & AI-Power Build",0.004,"The full electrification stack: grid OEMs, generation equipment, clean nuclear baseload, build-out EPC, HV/optical cabling for AI factories, data-center power/cooling, motion control and gases."
PH,2026-10-08T23:18:48.097004+00:00,21499000000.0,119423415279.42474,5.554835819313677,5.456325256350954,5.52310142167319,5.591064107791008,26258163080.0,0.22136671845202094,4.54804911202588,21216540395.557808,-0.013138267102757895,-0.23450498555477883,0.0,0.0,Forward Expectations Elevated,"Already trades at or below its historical valuation norm (needs 0% growth) -- 22% forecast growth would be upside on top of an already-fair price. Mature-company read: owner earnings yield (3.5%) is blended 50/50 with the P/S growth-gap for the final classification, since revenue growth alone is a weak value driver here.",5.628788344042599,Historical Median Tactical Anchor (ROIC-adjusted),low,5,quarterly,0.37685473742964787,0.21554490906553794,0.16968231080515372,,11.556109725685786,3905000000.0,0.18163635517931068,1.0704495614035088,Solid,USD,USD,1.0,,0.04086358943321322,,0.15821108381018265,-0.006092287322637779,1262000000.0,936000000.0,998000000.0,-0.015566492723564251,^GSPC,0.1448588116429148,-0.16042530436647906,1.0,0.0,4126000000.0,0.03454933850573658,459000000.0,Net income + D&A - maintenance capex,0.35491716489766323,0.3466626202307328,0.3057990307975196,High multiple expansion risk,Market cap growth is outpacing revenue growth and the current multiple is above its historical 75th percentile -- expansion risk is elevated.,0.14964992783423112,0.05151619684567586,57.901979793584715,Moderate,True,61.61184610473713,30.805923052368566,Blended 50/50: P/S growth-gap + Owner Earnings Yield (mature-company mode),Undervalued,1.5,0.2603537833601471,0.22136671845202094,0.03454933850573658,0.004437726402389523,63.7,INFRA,0.14,"Layer 2: Electrification, Grid & AI-Power Build",0.004,"The full electrification stack: grid OEMs, generation equipment, clean nuclear baseload, build-out EPC, HV/optical cabling for AI factories, data-center power/cooling, motion control and gases."
BE,2026-10-08T23:18:48.097004+00:00,3113150000.0,80352952692.90271,25.810819489232035,12.848403329513113,15.509247946870111,20.824553006685356,6790976300.0,1.1813842249811284,11.832312342615996,6797744725.986599,1.1835583656382118,0.18355836563821182,1.1266810942926262,15.509025238415797,Forward Expectations Manageable,⚠ Analyst forward growth 118% is extreme; capped at 100% for growth-gap/burden math (displayed forward growth is unchanged). Needs 118% growth to look fairly valued by its own history; analysts expect 118% -- the bar is comfortably cleared if the forecast is anywhere close to right.,11.820531063152064,Historical Median Tactical Anchor (ROIC-adjusted),low,5,quarterly,0.3124443088190418,0.11236271943208648,0.0786797937780062,,8.221543234540626,624706000.0,0.20066684869023335,2.550424182051261,Solid,USD,USD,1.0,,0.19064306780764095,,0.04402161525007941,0.10838234605255259,,0.0,59287000.0,0.8587001607381104,^GSPC,0.1448588116429148,0.7138413490951956,0.0,3.0,244942000.0,0.003048326063836542,53009000.0,Net income + D&A - maintenance capex,1.898531236951647,2.2126808525190738,2.022037784711433,High multiple expansion risk,Market cap growth is far ahead of revenue growth while P/S is near historical highs -- multiple expansion is doing most of the work.,-0.02322089846480002,0.24757980176046843,30.0,Weak / inconsistent,False,96.61297104018162,15.509025238415797,P/S growth-gap,Undervalued,1.5,1.0037552394506732,1.1813842249811284,0.003048326063836542,-0.1806773115942916,62.3,INFRA,0.14,"Layer 2: Electrification, Grid & AI-Power Build",0.004,"The full electrification stack: grid OEMs, generation equipment, clean nuclear baseload, build-out EPC, HV/optical cabling for AI factories, data-center power/cooling, motion control and gases."
XYL,2026-10-08T23:18:48.097004+00:00,9126000000.0,23813319457.09836,2.609392883749546,3.4345935339100824,3.6051413035889723,3.7999139682376195,9620179580.0,0.0541507319745782,2.4753508246982596,8666716753.375288,-0.05032689531281087,-0.10447762728738907,0.0,0.0,Forward Expectations Manageable,Already trades at or below its historical valuation norm (needs 0% growth) -- 5% forecast growth would be upside on top of an already-fair price.,2.747674827128066,Historical Median Tactical Anchor (ROIC-adjusted),low,5,quarterly,0.39239535393381547,0.15548980933596318,0.11154941924172694,,61.69565217391305,960000000.0,0.1051939513477975,0.9430255402750491,Solid,USD,USD,1.0,,0.1783579915890725,,0.08841499021869252,0.10568476037487806,1245000000.0,402000000.0,99000000.0,-0.19684659729772713,^GSPC,0.1448588116429148,-0.34170540894064194,21.0,0.0,1242000000.0,0.052155685486753096,341000000.0,Net income + D&A - maintenance capex,0.05171015228753495,0.16285988771586957,-0.01549810387320294,No bubble signal,Market cap growth has not materially outpaced revenue growth over the last 3 years.,0.07474295179783237,-0.028330650226658968,0.0,Poor,False,42.04923834805211,0.0,P/S growth-gap,Deep Undervalued,2.0,0.12397105562802195,0.0541507319745782,0.052155685486753096,0.017664638166690654,85.5,INFRA,0.14,Layer 3: Water & Environmental,0.0023333333333333335,"Water scarcity and waste oligopolies: smart metering, treatment, process chemistry, waste duopoly, niche desalination."
ECL,2026-10-08T23:18:48.097004+00:00,16842500000.0,78965764863.466,4.688482402461986,4.732205367852974,4.732928444833888,4.749252506264621,19350915710.0,0.14893369214784036,4.080724966553327,16978065894.136412,0.00804903631506071,-0.14088465583277965,0.05774377294234286,0.0,Forward Expectations Elevated,"Needs 1% growth to look fairly valued; analysts expect 15% -- covers part of what's required, but the price still leans on the forecast coming through. Mature-company read: owner earnings yield (2.7%) is blended 50/50 with the P/S growth-gap for the final classification, since revenue growth alone is a weak value driver here.",4.651045964589985,Historical Median Tactical Anchor (ROIC-adjusted),low,5,quarterly,0.4411399732818762,0.18083419919845628,0.1256583048834793,,9.423576732673267,1874500000.0,0.11129582900400772,0.8857021357021357,Solid,USD,USD,1.0,,0.04264019904644334,,0.13113358661603908,-0.002911144924141462,1253900000.0,797700000.0,1647800000.0,0.03545794896175081,^GSPC,0.1448588116429148,-0.109400862681164,1.0,0.0,2116400000.0,0.02680148800761082,1030600000.0,Net income + D&A - maintenance capex,0.19623534822705424,0.19275293376498448,0.15011273471854114,Elevated multiple expansion,Market cap has grown somewhat faster than revenue over the last 3 years.,0.12456372636039652,0.04139091111687493,45.71239005103598,Moderate,True,70.22056888043242,35.11028444021621,Blended 50/50: P/S growth-gap + Owner Earnings Yield (mature-company mode),Fair Value,1.0,0.1730735912759776,0.14893369214784036,0.02680148800761082,-0.002661588879473579,59.8,INFRA,0.14,Layer 3: Water & Environmental,0.0023333333333333335,"Water scarcity and waste oligopolies: smart metering, treatment, process chemistry, waste duopoly, niche desalination."
WM,2026-10-08T23:18:48.097004+00:00,25667000000.0,83980162598.06787,3.271911894575442,3.4738006540724378,3.601093716866497,3.6606153831235297,27830172630.0,0.08427835859274557,3.0175940233852536,28604328411.481274,0.11443988044887488,0.030161521856129303,1.3390890035422633,26.355778892659476,Forward Expectations Elevated,"Needs 11% growth to look fairly valued; analysts expect 8% -- covers part of what's required, but the price still leans on the forecast coming through. Mature-company read: owner earnings yield (3.4%) is blended 50/50 with the P/S growth-gap for the final classification, since revenue growth alone is a weak value driver here.",2.9359249897424515,Historical Median Tactical Anchor (ROIC-adjusted),low,5,quarterly,0.40877391202711655,0.18514045272139323,0.1111544005922001,,5.245033112582782,3573000000.0,0.13920598433786574,1.252365930599369,Solid,USD,USD,1.0,,0.08563152473174229,,0.1114154026028452,-0.00405726378840221,1003000000.0,1429000000.0,19000000.0,-0.08420227754992582,^GSPC,0.1448588116429148,-0.22906108919284063,0.0,2.0,2853000000.0,0.033972308599288646,2016000000.0,Net income + D&A - maintenance capex,0.1224196655294798,0.11786571286513658,0.03223418813339429,No bubble signal,Market cap growth has not materially outpaced revenue growth over the last 3 years.,0.11407171186390251,-0.011082550478871564,11.290549034569764,Poor,True,62.252990445234836,44.30438466894716,Blended 50/50: P/S growth-gap + Owner Earnings Yield (mature-company mode),Fair Value,1.0,0.08402125070621455,0.08427835859274557,0.033972308599288646,-0.034229416485819675,63.8,INFRA,0.14,Layer 3: Water & Environmental,0.0023333333333333335,"Water scarcity and waste oligopolies: smart metering, treatment, process chemistry, waste duopoly, niche desalination."
RSG,2026-10-08T23:18:48.097004+00:00,16890000000.0,66399221028.13458,3.9312741875745756,4.09046017834318,4.092275738666142,4.262803880419323,18124357160.0,0.07308212907045597,3.6635352328344086,18055374972.6665,0.06899792614958566,-0.004084202920870306,0.9459373348616574,0.0,Forward Expectations Elevated,"Needs 7% growth to look fairly valued; analysts expect 7% -- covers part of what's required, but the price still leans on the forecast coming through. Mature-company read: owner earnings yield (3.4%) is blended 50/50 with the P/S growth-gap for the final classification, since revenue growth alone is a weak value driver here.",3.6775320993695453,Historical Median Tactical Anchor (ROIC-adjusted),low,5,quarterly,0.42001184132622854,0.20023682652457075,0.12936648904677323,,5.722504230118443,2653000000.0,0.1570751924215512,1.214187643020595,Solid,USD,USD,1.0,,0.07084929833650078,,0.10659605105335666,-0.008615616429965334,1469000000.0,761000000.0,1326000000.0,0.007710058460804969,^GSPC,0.1448588116429148,-0.13714875318210984,0.0,1.0,2279000000.0,0.034322691813422714,1889000000.0,Net income + D&A - maintenance capex,0.15789302984686837,0.1479170676347774,0.07706776929827663,Mild multiple expansion,Market cap has grown somewhat faster than revenue over the last 3 years.,0.10423735133889671,0.015960464199351654,24.76273689450207,Weak / inconsistent,True,61.86367576286364,30.93183788143182,Blended 50/50: P/S growth-gap + Owner Earnings Yield (mature-company mode),Undervalued,1.5,0.08588999082301078,0.07308212907045597,0.034322691813422714,-0.02151483006086789,69.0,INFRA,0.14,Layer 3: Water & Environmental,0.0023333333333333335,"Water scarcity and waste oligopolies: smart metering, treatment, process chemistry, waste duopoly, niche desalination."
CWCO,2026-10-08T23:18:48.097004+00:00,127610966.0,485590143.34184647,3.805238362836674,3.789650053255809,4.182219828680905,4.194282073234836,188200000.0,0.47479488557433225,2.580181420519907,121422851.85218771,-0.04849202495506766,-0.5232869105293999,0.0,0.0,Forward Expectations Elevated,"Already trades at or below its historical valuation norm (needs 0% growth) -- 47% forecast growth would be upside on top of an already-fair price. Mature-company read: owner earnings yield (3.3%) is blended 50/50 with the P/S growth-gap for the final classification, since revenue growth alone is a weak value driver here.",3.9991660213431026,Historical Median Tactical Anchor (ROIC-adjusted),low,5,quarterly,0.35357415913613566,0.12260481595288605,0.12662402383193305,,3178.7320195042666,30242258.0,0.23698792468979507,1.8715873774817569,Solid,USD,USD,1.0,,0.11961204239969647,,0.16268500600474994,0.013359485421161388,31052.0,8950740.0,,-0.11724978729424285,^GSPC,0.1448588116429148,-0.26210859893715766,1.0,0.0,16158614.0,0.033276239688054446,7768057.0,Net income + D&A - maintenance capex,0.0077650876310630945,0.021228310627225744,-0.09838373177247073,No bubble signal,Market cap growth has not materially outpaced revenue growth over the last 3 years.,0.17079139544147814,0.08275091269135144,63.82159072361388,Moderate,True,63.026400346606174,31.513200173303087,Blended 50/50: P/S growth-gap + Owner Earnings Yield (mature-company mode),Undervalued,1.5,0.5250589054411,0.47479488557433225,0.033276239688054446,0.016987780178713274,71.0,INFRA,0.14,Layer 3: Water & Environmental,0.0023333333333333335,"Water scarcity and waste oligopolies: smart metering, treatment, process chemistry, waste duopoly, niche desalination."
BMI,2026-10-08T23:18:48.097004+00:00,880955000.0,3700460994.173004,4.200510802677781,5.554631276868399,5.567637258270444,6.6615873411193025,983198150.0,0.11605944685029312,3.763698084839769,555161511.4374819,-0.3698185362050481,-0.48587798305534124,0.0,0.0,Forward Expectations Manageable,Already trades at or below its historical valuation norm (needs 0% growth) -- 12% forecast growth would be upside on top of an already-fair price.,6.665557532242079,Historical Median Tactical Anchor (ROIC-adjusted),low,5,quarterly,0.4131005556469967,0.18579950167715717,0.14269400820700262,,,150301000.0,0.17061143872274975,1.195645429451025,Solid,USD,USD,1.0,,0.17464948058562912,,0.28259654599079176,0.0010652278815039828,63467000.0,46810000.0,94375000.0,-0.16707499905669887,^GSPC,0.1448588116429148,-0.3119338106996137,0.0,7.0,145736000.0,0.03938320123613943,16388000.0,Net income + D&A - maintenance capex,-0.02903312223230825,-0.027998821242093186,-0.2026483018277223,No bubble signal,Market cap growth has not materially outpaced revenue growth over the last 3 years.,0.31326214270308655,0.06517665355189262,100.0,High & durable,False,56.24088751540064,0.0,P/S growth-gap,Deep Undervalued,2.0,0.35105748680183013,0.11605944685029312,0.03938320123613943,0.19561483871539762,85.6,INFRA,0.14,Layer 3: Water & Environmental,0.0023333333333333335,"Water scarcity and waste oligopolies: smart metering, treatment, process chemistry, waste duopoly, niche desalination."
ANET,2026-10-08T23:18:48.097004+00:00,10540800000.0,266080565528.14087,25.242919467985434,18.466829771989346,19.071364782764178,19.827971828773393,16343758800.0,0.5505235655737706,16.28025528179851,13355162693.485,0.26699706791562305,-0.2835264976581475,0.539565774191465,0.0,Forward Expectations Manageable,Needs 27% growth to look fairly valued by its own history; analysts expect 55% -- the bar is comfortably cleared if the forecast is anywhere close to right.,19.923423745181477,Historical Median Tactical Anchor (ROIC-adjusted),low,5,quarterly,0.6300375683060109,0.4313619459623558,0.3837090163934426,,,5155300000.0,0.4890805251973285,1.2746130643326905,Solid,USD,USD,1.0,,0.27146525721597636,,0.30616917078704153,0.007797449220915187,620100000.0,,0.0,0.45426339401226934,^GSPC,0.1448588116429148,0.30940458236935453,0.0,0.0,4044600000.0,0.015200659213768246,92700000.0,Net income + D&A - maintenance capex,0.6307046391266078,0.6434199757445083,0.3719547185285319,High multiple expansion risk,Market cap growth is far ahead of revenue growth while P/S is near historical highs -- multiple expansion is doing most of the work.,0.3434060797170854,-0.00046823612984392415,69.71905832209364,Moderate,False,83.1103786513686,0.0,P/S growth-gap,Deep Undervalued,2.0,0.49548016117265126,0.5505235655737706,0.015200659213768246,-0.07024406361488755,74.1,INFRA,0.14,"Layer 4: Cyber, Networking & Edge",0.0021000000000000003,"Zero-trust perimeter and AI-factory networking: switching, platform security, identity; broadband-access satellites."
PANW,2026-10-08T23:18:48.097004+00:00,11480000000.0,325973000000.0,28.3948606271777,11.585589616211434,14.209021127293205,21.131408258475773,16227795210.0,0.41357101132404184,20.08732522081168,35170091768.98881,2.063596843988572,1.65002583266453,3.2346945090136336,79.95873018856332,Forward Expectations Stretched,"Needs 206% growth to look fairly valued by its own history, but analysts only expect 41% -- the price is asking for more growth than is currently forecast.",9.268471692969149,Historical Median Tactical Anchor (ROIC-adjusted),low,5,quarterly,0.7035714285714286,0.06054006968641115,0.026742160278745646,,,4113000000.0,0.3582752613240418,13.397394136807817,Solid,USD,USD,1.0,,0.18536155384757969,,0.014486826910646561,0.09744988193645576,0.0,,4663000000.0,1.293129259979457,^GSPC,0.1448588116429148,1.1482704483365422,37.0,10.0,722000000.0,0.002214907369628773,440000000.0,Net income + D&A - maintenance capex,0.4771378850607344,0.621084797563769,0.4357232437161893,High multiple expansion risk,Market cap growth is far ahead of revenue growth while P/S is near historical highs -- multiple expansion is doing most of the work.,0.10057887347374066,-0.089791069953147,0.0,Poor,False,97.53899181152359,79.95873018856332,P/S growth-gap,Very Expensive,0.5,0.19125715407746605,0.41357101132404184,0.002214907369628773,-0.22452876461620455,45.7,INFRA,0.14,"Layer 4: Cyber, Networking & Edge",0.0021000000000000003,"Zero-trust perimeter and AI-factory networking: switching, platform security, identity; broadband-access satellites."
CRWD,2026-10-08T23:18:48.097004+00:00,5396145000.0,269305112793.7837,49.90694519768903,23.700496659086607,27.546307856483097,34.66685401641839,7366030880.0,0.36505428968272713,36.56041050886603,14203558509.106915,1.6321676880637779,1.2671133983810507,3.1099799454044357,77.63377547831578,Forward Expectations Stretched,"Needs 163% growth to look fairly valued by its own history, but analysts only expect 37% -- the price is asking for more growth than is currently forecast.",18.960397327269288,Historical Median Tactical Anchor (ROIC-adjusted),low,5,quarterly,0.7524562442262023,-0.02214340052018617,0.010833659955394082,,-4.484312842452901,1522603000.0,0.28216495294325855,26.045210400273692,Watch: unprofitable,USD,USD,1.0,,0.2900686653697968,,-12.632247301275761,0.043844909682598576,175622000.0,,1263644000.0,1.4666244987793253,^GSPC,0.1448588116429148,1.3217656871364105,48.0,1.0,58460000.0,0.0002170772006276942,332643000.0,Net income + D&A - maintenance capex,0.8102734494002801,0.8896447252900417,0.5995760599202449,High multiple expansion risk,Market cap growth is far ahead of revenue growth while P/S is near historical highs -- multiple expansion is doing most of the work.,-12.632247301275761,,0.0,Poor,False,99.75880311041368,77.63377547831578,P/S growth-gap,Very Expensive,0.5,0.1585763685029641,0.36505428968272713,0.0002170772006276942,-0.2066949983803907,38.4,INFRA,0.14,"Layer 4: Cyber, Networking & Edge",0.0021000000000000003,"Zero-trust perimeter and AI-factory networking: switching, platform security, identity; broadband-access satellites."
FTNT,2026-10-08T23:18:48.097004+00:00,7527400000.0,138745256260.53275,18.43202915489183,9.8066903189677,12.429635400128511,14.225547334321405,9040486230.0,0.20101047240747127,15.347101110570769,14148020560.226862,0.8795361692253449,0.6785256968178737,3.4451506173215156,77.14585489025289,Forward Expectations Stretched,"Needs 88% growth to look fairly valued by its own history, but analysts only expect 20% -- the price is asking for more growth than is currently forecast.",9.8066903189677,Historical Median Tactical Anchor,low,5,quarterly,0.8020432021680793,0.3244413741796636,0.2817307436830778,,135.67777777777778,3117000000.0,0.4140872014241305,1.469797708303862,Solid,USD,USD,1.0,,0.15461947760091377,,,-0.01669870648625338,2861500000.0,,0.0,1.2643994882796843,^GSPC,0.1448588116429148,1.1195406766367695,0.0,0.0,2120700000.0,0.015284846899686406,159100000.0,Net income + D&A - maintenance capex,0.46557554077329133,0.4411023249844861,0.2864828473835723,Elevated multiple expansion,Market cap growth is outpacing revenue growth and the current multiple is above its historical 75th percentile -- expansion risk is elevated.,,,,Insufficient data,False,83.01683677812622,77.14585489025289,P/S growth-gap,Very Expensive,0.5,0.06031070572244049,0.20101047240747127,0.015284846899686406,-0.15598461358471719,49.3,INFRA,0.14,"Layer 4: Cyber, Networking & Edge",0.0021000000000000003,"Zero-trust perimeter and AI-factory networking: switching, platform security, identity; broadband-access satellites."
OKTA,2026-10-08T23:18:48.097004+00:00,3073000000.0,38497317728.60449,12.52760095301155,5.140640201898172,5.7172374321052,7.378708592610774,3547031000.0,0.15425675235925795,10.853391957556754,8140019322.713724,1.6488836064802226,1.4946268541209646,6.790472175914646,90.64477615320943,Forward Expectations Stretched,"Needs 165% growth to look fairly valued by its own history, but analysts only expect 15% -- the price is asking for more growth than is currently forecast.",4.7293889857463185,Historical Median Tactical Anchor (ROIC-adjusted),low,5,quarterly,0.7813211845102506,0.07679791734461439,0.09632281158477059,,78.66666666666667,959000000.0,0.3120728929384966,3.239864864864865,Solid,USD,USD,1.0,,0.16250847699726267,,0.02148407740362639,0.0321193298380944,372000000.0,,53000000.0,1.8959758556354829,^GSPC,0.1448588116429148,1.751117043992568,42.0,0.0,353000000.0,0.009169470000184246,28000000.0,Net income + D&A - maintenance capex,0.39805903367265905,0.4429637529083188,0.2804552759110561,Elevated multiple expansion,Market cap growth is outpacing revenue growth and the current multiple is above its historical 75th percentile -- expansion risk is elevated.,-0.012439880389740218,0.10320821533466087,30.0,Weak / inconsistent,False,89.81169999979528,90.64477615320943,P/S growth-gap,Very Expensive,0.5,-0.044067933851171415,0.15425675235925795,0.009169470000184246,-0.20749415621061362,46.5,INFRA,0.14,"Layer 4: Cyber, Networking & Edge",0.0021000000000000003,"Zero-trust perimeter and AI-factory networking: switching, platform security, identity; broadband-access satellites."
ADTN,2026-10-08T23:18:48.097004+00:00,1138227000.0,610295719.780386,0.5361810252088433,0.7142734253485857,0.8924928534017686,0.9074304024410834,1236354250.0,0.0862106152814861,0.49362528561727836,1062791942.9450927,-0.06627417646471867,-0.15248479174620477,0.0,0.0,Forward Expectations Elevated,"Already trades at or below its historical valuation norm (needs 0% growth) -- 9% forecast growth would be upside on top of an already-fair price. Mature-company read: owner earnings yield (0.3%) is blended 50/50 with the P/S growth-gap for the final classification, since revenue growth alone is a weak value driver here.",0.5742381882282634,Historical Median Tactical Anchor (ROIC-adjusted),low,5,quarterly,0.3846280223540647,-0.0017623901032043697,-0.022916342697897694,,-0.10846761111711907,23097000.0,0.02029208584930774,-0.8854853550069007,Watch: unprofitable,USD,USD,1.0,,0.018592202218727927,,-0.04174122206713374,0.00864262379367342,,0.0,,-0.4544792410169155,^GSPC,0.1448588116429148,-0.5993380526598303,0.0,6.0,2036000.0,0.0033360876277039133,69914000.0,Net income + D&A - maintenance capex,-0.015077348087205844,-0.006565032140856353,-0.02515723435958428,No bubble signal,Market cap growth has not materially outpaced revenue growth over the last 3 years.,-0.20832720194115673,0.0016447062668489762,0.9868237601093857,Poor,True,96.29323596921787,48.14661798460894,Blended 50/50: P/S growth-gap + Owner Earnings Yield (mature-company mode),Fair Value,1.0,0.11320610227255294,0.0862106152814861,0.0033360876277039133,0.02365939936336292,41.7,INFRA,0.14,"Layer 4: Cyber, Networking & Edge",0.0021000000000000003,"Zero-trust perimeter and AI-factory networking: switching, platform security, identity; broadband-access satellites."
CALX,2026-10-08T23:18:48.097004+00:00,1111199000.0,2271740838.410507,2.044405042130624,3.506126782750087,3.7030304448801976,3.819082765388822,1377794000.0,0.23991652260306218,1.6488247433291967,809918244.2529325,-0.2711312336917757,-0.5110477562948379,0.0,0.0,Forward Expectations Elevated,"Already trades at or below its historical valuation norm (needs 0% growth) -- 24% forecast growth would be upside on top of an already-fair price. Mature-company read: owner earnings yield (2.3%) is blended 50/50 with the P/S growth-gap for the final classification, since revenue growth alone is a weak value driver here.",2.80490142620007,Historical Median Tactical Anchor (ROIC-adjusted),low,5,quarterly,0.5658149440379266,0.05511614031330122,0.046068256000950325,,,85418000.0,0.07687011957354173,1.6686136234885038,Solid,USD,USD,1.0,,0.04839207255016875,,0.015014437087160132,0.0069743932558175015,260326000.0,,,-0.2760834325723558,^GSPC,0.1448588116429148,-0.4209422442152706,0.0,5.0,51191000.0,0.022533820378832184,17885000.0,Net income + D&A - maintenance capex,-0.06017350636176555,-0.053618786802896445,-0.1020108593530652,No bubble signal,Market cap growth has not materially outpaced revenue growth over the last 3 years.,0.0005956564882547885,-0.050125549615936474,0.0,Poor,True,74.96242180129758,37.48121090064879,Blended 50/50: P/S growth-gap + Owner Earnings Yield (mature-company mode),Fair Value,1.0,0.3864467084113328,0.23991652260306218,0.022533820378832184,0.12399636542943841,61.2,INFRA,0.14,"Layer 4: Cyber, Networking & Edge",0.0021000000000000003,"Zero-trust perimeter and AI-factory networking: switching, platform security, identity; broadband-access satellites."
HLIT,2026-10-08T23:18:48.097004+00:00,344518000.0,1207365512.8655624,3.5045063330959847,3.4328873619609546,4.5407989889315665,4.663158967474899,571968600.0,0.6601994670815459,2.1108947464346164,439631928.4475022,0.2760782555555943,-0.3841212115259516,0.48091014910929314,0.0,Forward Expectations Elevated,"Needs 28% growth to look fairly valued; analysts expect 66% -- covers part of what's required, but the price still leans on the forecast coming through. Mature-company read: owner earnings yield (-3.7%) is blended 50/50 with the P/S growth-gap for the final classification, since revenue growth alone is a weak value driver here.",2.7463098895687637,Historical Median Tactical Anchor (ROIC-adjusted),low,5,quarterly,0.45246111959317076,0.13136033530904045,-0.1368172345131459,,14.102835774384543,53905000.0,0.15646497425388514,-1.1436057365919892,Solid,USD,USD,1.0,,-0.1675446543853215,,0.021706659325757924,0.003973715779459042,71875000.0,,,0.15192508744082334,^GSPC,0.1448588116429148,0.007066275797908528,3.0,0.0,-44666000.0,-0.03699459651948288,8413000.0,Net income + D&A - maintenance capex,0.06425598607323701,0.06848503687847995,0.23602969126380147,Elevated multiple expansion,"Market cap growth is outpacing revenue growth, but the current multiple is not at an extreme historical level.",0.06887944038606665,-0.05651815311264291,0.0,Poor,True,100.0,50.0,Blended 50/50: P/S growth-gap + Owner Earnings Yield (mature-company mode),Fair Value,1.0,0.5510885369559154,0.6601994670815459,-0.03699459651948288,-0.0721163336061476,39.5,INFRA,0.14,"Layer 4: Cyber, Networking & Edge",0.0021000000000000003,"Zero-trust perimeter and AI-factory networking: switching, platform security, identity; broadband-access satellites."
CHKP,2026-10-08T23:18:48.097004+00:00,2764400000.0,13757039986.015533,4.976501224864539,7.0221163260467945,8.134298046780653,8.718493721335498,2964956240.0,0.07254964549269283,4.639879604434072,1836908138.9883602,-0.33551290009102874,-0.40806254558372157,0.0,0.0,Forward Expectations Manageable,"Already trades at or below its historical valuation norm (needs 0% growth) -- 7% forecast growth would be upside on top of an already-fair price. Mature-company read: owner earnings yield (8.0%) is blended 50/50 with the P/S growth-gap for the final classification, since revenue growth alone is a weak value driver here.",7.489236774568348,Historical Median Tactical Anchor (ROIC-adjusted),low,5,quarterly,0.8611995369700477,0.29018955288670234,0.3793228186948343,,,1099700000.0,0.3978078425698162,1.048731642189586,Solid,USD,USD,1.0,,0.053653118158399016,,0.2721170846702901,-0.04374774375484847,1399900000.0,,283800000.0,-0.07630074721728719,^GSPC,0.1448588116429148,-0.221159558860202,1.0,1.0,1099200000.0,0.07990090899767475,31400000.0,Net income + D&A - maintenance capex,-0.0055662873017275905,-0.04907051854603417,-0.10272363670443319,No bubble signal,Market cap growth has not materially outpaced revenue growth over the last 3 years.,0.3150211396286739,-0.005616116588380071,66.63033004697196,Moderate,True,11.221212224805821,5.610606112402911,Blended 50/50: P/S growth-gap + Owner Earnings Yield (mature-company mode),Deep Undervalued,2.0,0.3207572580802447,0.07254964549269283,0.07990090899767475,0.1683067035898771,77.4,INFRA,0.14,"Layer 4: Cyber, Networking & Edge",0.0021000000000000003,"Zero-trust perimeter and AI-factory networking: switching, platform security, identity; broadband-access satellites."
ZS,2026-10-08T23:18:48.097004+00:00,3352523000.0,35351888675.29724,10.544860892914752,8.65698848388312,15.514785549789051,16.41073084375328,4579298150.0,0.3659259459219222,7.719936007070699,4438722082.505758,0.32399452069553525,-0.04193142522638693,0.9000129122758771,0.0,Forward Expectations Manageable,Needs 32% growth to look fairly valued by its own history; analysts expect 37% -- the bar is comfortably cleared if the forecast is anywhere close to right.,7.96442940517247,Historical Median Tactical Anchor (ROIC-adjusted),low,5,quarterly,0.7680466323422688,-0.03613368200605932,-0.018845210010490606,,-76.28400503778337,779143000.0,0.23240496784063824,-12.332309786479685,Watch: unprofitable,USD,USD,1.0,,0.27514100805675046,,-0.027143253413263804,0.034759114799436164,,,918074000.0,0.5727964306057756,^GSPC,0.1448588116429148,0.42793761896286076,39.0,0.0,-63179000.0,-0.001787146383614504,192012000.0,Net income + D&A - maintenance capex,0.09822324974092811,0.1363965177540829,-0.13874449030266756,No bubble signal,Market cap growth has not materially outpaced revenue growth over the last 3 years.,-0.06616593710965392,0.24808414991674832,30.0,Weak / inconsistent,False,100.0,0.0,P/S growth-gap,Deep Undervalued,2.0,0.2825688444689743,0.3659259459219222,-0.001787146383614504,-0.0815699550693334,68.6,INFRA,0.14,"Layer 4: Cyber, Networking & Edge",0.0021000000000000003,"Zero-trust perimeter and AI-factory networking: switching, platform security, identity; broadband-access satellites."
FNV,2026-10-08T23:18:48.097004+00:00,2316600000.0,46381754965.0,20.021477581369247,21.397132316277695,23.516627858747665,24.16573255213637,2917870960.0,0.2595488906155572,15.895752622658817,2337757268.3618846,0.009132896642443544,-0.25041599397311365,0.03939891996600834,0.0,Forward Expectations Elevated,"Needs 1% growth to look fairly valued; analysts expect 26% -- covers part of what's required, but the price still leans on the forecast coming through. Mature-company read: owner earnings yield (3.2%) is blended 50/50 with the P/S growth-gap for the final classification, since revenue growth alone is a weak value driver here.",19.84027836966182,Historical Median Tactical Anchor (ROIC-adjusted),low,5,quarterly,0.7732021065354399,0.7565397565397566,0.6379176379176379,,5842.0,891400000.0,0.3847880514547181,0.6031939369332792,Solid,USD,USD,1.0,,0.11479252608663693,,0.14670360776695815,0.0015713276363391593,,299000000.0,,-0.08960722371412155,^GSPC,0.1448588116429148,-0.23446603535703636,1.0,2.0,1477800000.0,0.03186166631933523,336200000.0,Net income + D&A - maintenance capex,0.23084922071681557,0.23278328811349436,0.11799076202685743,Mild multiple expansion,Market cap has grown somewhat faster than revenue over the last 3 years.,0.13205924963712123,0.014722377445515883,31.810016365703476,Weak / inconsistent,True,64.59814853407197,32.299074267035984,Blended 50/50: P/S growth-gap + Owner Earnings Yield (mature-company mode),Undervalued,1.5,0.288393809694818,0.2595488906155572,0.03186166631933523,-0.0030167472400744653,67.1,ENERGY & COMMODITY,0.18,Layer 1: Monetary Royalties,0.027,Precious metals streaming and asset-light gold/silver royalty engines; lowest-cost duration play on debasement.
WPM,2026-10-08T23:18:48.097004+00:00,3171641000.0,61293432330.44971,19.325463484186802,22.242466443104256,22.35362271234534,24.11239419376036,4070709560.0,0.28347109903043877,15.05718632759683,2767526066.78324,-0.12741509307540166,-0.41088619210584043,0.0,0.0,Forward Expectations Manageable,Already trades at or below its historical valuation norm (needs 0% growth) -- 28% forecast growth would be upside on top of an already-fair price.,22.147373087507173,Historical Median Tactical Anchor (ROIC-adjusted),low,5,quarterly,0.7525281076893633,0.726157846994663,0.6465879965607709,,74.92231620039037,-2915368000.0,-0.9191986104354182,-1.421614096340598,Watch: cash burning,USD,USD,1.0,,0.2952936692748307,,0.18168921365932234,0.0012624881008562738,,467659000.0,,-0.03424180612702943,^GSPC,0.1448588116429148,-0.17910061776994424,1.0,2.0,2050745000.0,0.03345782610025608,1312000.0,Net income + D&A - maintenance capex,0.5134250556205797,0.5153357367448383,0.22004206747000765,Elevated multiple expansion,"Market cap growth is outpacing revenue growth, but the current multiple is not at an extreme historical level.",0.1176113337134873,0.09819859131818374,48.931173439776444,Moderate,False,62.82463766638213,0.0,P/S growth-gap,Deep Undervalued,2.0,0.3656023520428,0.28347109903043877,0.03345782610025608,0.04867342691210519,72.4,ENERGY & COMMODITY,0.18,Layer 1: Monetary Royalties,0.027,Precious metals streaming and asset-light gold/silver royalty engines; lowest-cost duration play on debasement.
CCJ,2026-10-08T23:18:48.097004+00:00,2442719564.63027,37943634326.707054,15.53335670459994,17.28316443324991,17.437061001752472,18.800140038867553,2785391672.0349636,0.1402830322262394,13.622369416716905,2386315361.9341955,-0.023090740137667765,-0.16337377236390715,0.0,0.0,Forward Expectations Manageable,⚠ Historical P/S converts all past periods at TODAY's FX rate -- percentiles are approximate for foreign-currency reporters (material mainly for high-inflation currencies). Already trades at or below its historical valuation norm (needs 0% growth) -- 14% forecast growth would be upside on top of an already-fair price.,15.900511278589917,Historical Median Tactical Anchor (ROIC-adjusted),low,5,quarterly,0.269026961781742,0.1511301085413032,0.10213916794402383,,5.119126535387015,555921000.0,0.15999466992380754,1.5664379605235352,Solid,CAD,USD,0.7030173540115356,Revenue converted from CAD to USD at 0.703 to match the share price currency.,0.23068700139731124,,0.0694512796382637,0.0022603071799434105,,104480000.0,,-0.24831750129762242,^GSPC,0.1448588116429148,-0.39317631294053723,0.0,2.0,249497343.85192394,0.006575473021473655,200555384.71770287,Net income + D&A - maintenance capex,0.3241299646484235,0.32712290511469644,0.0964359037173852,Mild multiple expansion,Market cap has grown somewhat faster than revenue over the last 3 years.,0.04896442846601406,0.06671548065841,30.0,Weak / inconsistent,False,92.69391886502927,0.0,P/S growth-gap,Deep Undervalued,2.0,0.15473734691240082,0.1402830322262394,0.006575473021473655,0.007878841664687775,76.0,ENERGY & COMMODITY,0.18,Layer 2: Baseload & Nuclear Fuel,0.010285714285714285,"Uranium pure-plays for the nuclear baseload, oil sands, one light supermajor, and natural gas. No duplicate mega-cap overlap."
UUUU,2026-10-08T23:18:48.097004+00:00,105758000.0,2631849194.5765877,24.88558023578914,67.9191802222447,72.7549482512517,74.01547485504679,358915800.0,2.393746099585847,7.332776084464902,42119260.52284668,-0.6017392488242339,-1.601739248824234,0.0,0.0,Forward Expectations Manageable,⚠ Analyst forward growth 239% is extreme; capped at 100% for growth-gap/burden math (displayed forward growth is unchanged). Already trades at or below its historical valuation norm (needs 0% growth) -- 239% forecast growth would be upside on top of an already-fair price.,62.48564580446512,Historical Median Tactical Anchor (ROIC-adjusted),low,5,quarterly,0.4085081034058889,-0.7864653265001229,-0.7729628018684166,,-17.540067482075074,-120425000.0,-1.1386845439588495,1.4731427452995216,"Caution: unprofitable, cash burning",USD,USD,1.0,,0.7399355982144395,,-0.06197852883258865,0.15087940387779097,,,,-0.4591947750682749,^GSPC,0.1448588116429148,-0.6040535867111897,0.0,1.0,-81747000.0,-0.031060670257420077,5915000.0,Net income + D&A - maintenance capex,0.08912369612519844,0.25345003014574474,-0.4864855680686948,No bubble signal,Market cap growth has not materially outpaced revenue growth over the last 3 years.,-0.07429575557903872,0.1363678130396353,30.0,Weak / inconsistent,False,100.0,0.0,P/S growth-gap,Deep Undervalued,2.0,2.866324688321225,2.393746099585847,-0.031060670257420077,0.503639258992798,60.4,ENERGY & COMMODITY,0.18,Layer 2: Baseload & Nuclear Fuel,0.010285714285714285,"Uranium pure-plays for the nuclear baseload, oil sands, one light supermajor, and natural gas. No duplicate mega-cap overlap."
CNQ,2026-10-08T23:18:48.097004+00:00,36133685961.48491,101116573427.20032,2.798401844057122,2.2632501908238303,2.4202534388478347,2.8560388793605216,30158445886.09437,-0.16536480894198224,3.3528443013644718,55846992655.28039,0.5455658942408477,0.7109307031828299,,100.0,Forward Expectations Elevated,"⚠ Historical P/S converts all past periods at TODAY's FX rate -- percentiles are approximate for foreign-currency reporters (material mainly for high-inflation currencies). Needs 55% growth to look fairly valued; analysts expect -17% -- covers part of what's required, but the price still leans on the forecast coming through. Mature-company read: owner earnings yield (8.2%) is blended 50/50 with the P/S growth-gap for the final classification, since revenue growth alone is a weak value driver here.",1.8106001526590643,Historical Median Tactical Anchor (ROIC-adjusted),low,5,quarterly,0.26292851861940153,0.2315265185415775,0.22868594108720183,,13.31096196868009,9801000000.0,0.19068835363243705,0.833843797856049,Solid,CAD,USD,0.7030173540115356,Revenue converted from CAD to USD at 0.703 to match the share price currency.,-0.037479788648146606,,0.11145661570744843,-0.019057595802331018,2012000000.0,4982000000.0,0.0,0.07730743248083471,^GSPC,0.1448588116429148,-0.0675513791620801,2.0,0.0,8263265979.05159,0.0817201938216468,5278254293.91861,Net income + D&A - maintenance capex,0.21339409768015294,0.1902697234176305,0.2277495120657771,Elevated multiple expansion,Market cap growth is outpacing revenue growth and the current multiple is above its historical 75th percentile -- expansion risk is elevated.,0.1361741505939905,-0.13042800617785671,0.0,Poor,True,9.199784642614661,54.59989232130733,Blended 50/50: P/S growth-gap + Owner Earnings Yield (mature-company mode),Fair Value,1.0,-0.2013072128509915,-0.16536480894198224,0.0817201938216468,-0.11766259773065606,54.5,ENERGY & COMMODITY,0.18,Layer 2: Baseload & Nuclear Fuel,0.010285714285714285,"Uranium pure-plays for the nuclear baseload, oil sands, one light supermajor, and natural gas. No duplicate mega-cap overlap."
XOM,2026-10-08T23:18:48.097004+00:00,361060000000.0,692857165260.0,1.918952986373456,1.5765061995649394,1.5861122067870688,1.8541177557495676,415459309780.0,0.15066556744031456,1.6676895882460587,549361275467.2359,0.5215235015433333,0.3708579341030187,2.9906694719982303,71.11049320031539,Forward Expectations Elevated,"Needs 52% growth to look fairly valued; analysts expect 15% -- covers part of what's required, but the price still leans on the forecast coming through. Mature-company read: owner earnings yield (4.8%) is blended 50/50 with the P/S growth-gap for the final classification, since revenue growth alone is a weak value driver here.",1.2612049596519517,Historical Median Tactical Anchor (ROIC-adjusted),low,5,quarterly,0.20630920068686645,0.1072481028083975,0.090724533318562,,49.965161290322584,30553000000.0,0.08462028471722151,0.9327166712458406,Solid,USD,USD,1.0,,-0.06688991546295975,,0.08375707222988943,0.007859027662536988,20512000000.0,17241000000.0,0.0,0.09295963118060024,^GSPC,0.1448588116429148,-0.051899180462314565,6.0,0.0,33233000000.0,0.04796515308826901,29174000000.0,Net income + D&A - maintenance capex,0.2011912525687518,0.210631447850687,0.27752136331364674,Elevated multiple expansion,Market cap growth is outpacing revenue growth and the current multiple is above its historical 75th percentile -- expansion risk is elevated.,0.11031859984756824,-0.1457347914195916,0.0,Poor,True,46.705385457478876,58.90793932889713,Blended 50/50: P/S growth-gap + Owner Earnings Yield (mature-company mode),Expensive,0.75,0.08437604946712572,0.15066556744031456,0.04796515308826901,-0.11425467106145785,50.0,ENERGY & COMMODITY,0.18,Layer 2: Baseload & Nuclear Fuel,0.010285714285714285,"Uranium pure-plays for the nuclear baseload, oil sands, one light supermajor, and natural gas. No duplicate mega-cap overlap."
SU,2026-10-08T23:18:48.097004+00:00,42692639578.878876,83726645676.00803,1.961149427673938,1.429994736460128,1.5291727244720037,1.8281647170138073,40808341789.24226,-0.04413636186994685,2.051704186080889,73187896728.96686,0.7142977677392137,0.7584341296091606,,100.0,Forward Expectations Elevated,"⚠ Historical P/S converts all past periods at TODAY's FX rate -- percentiles are approximate for foreign-currency reporters (material mainly for high-inflation currencies). Needs 71% growth to look fairly valued; analysts expect -4% -- covers part of what's required, but the price still leans on the forecast coming through. Mature-company read: owner earnings yield (8.8%) is blended 50/50 with the P/S growth-gap for the final classification, since revenue growth alone is a weak value driver here.",1.1439957891681025,Historical Median Tactical Anchor (ROIC-adjusted),low,5,quarterly,0.4457178613183158,0.20439987485385894,0.14699731594460635,,15.55513784461153,10327000000.0,0.17005055245434636,1.1568276016578918,Solid,CAD,USD,0.7030025124549866,Revenue converted from CAD to USD at 0.703 to match the share price currency.,-0.05923630668082114,,0.10634527353950235,-0.037246567202159464,3456000000.0,2825000000.0,,0.11308387162294298,^GSPC,0.1448588116429148,-0.03177494001997183,3.0,0.0,7344267247.617245,0.08771720386407111,3844720740.6163216,Net income + D&A - maintenance capex,0.34305964859207294,0.2930352871342796,0.35227159381510076,High multiple expansion risk,Market cap growth is far ahead of revenue growth while P/S is near historical highs -- multiple expansion is doing most of the work.,0.11621148915851048,-0.08727143229476397,0.0,Poor,True,2.5364401510320933,51.26822007551605,Blended 50/50: P/S growth-gap + Owner Earnings Yield (mature-company mode),Fair Value,1.0,-0.0953094140592756,-0.04413636186994685,0.08771720386407111,-0.13889025605339986,53.6,ENERGY & COMMODITY,0.18,Layer 2: Baseload & Nuclear Fuel,0.010285714285714285,"Uranium pure-plays for the nuclear baseload, oil sands, one light supermajor, and natural gas. No duplicate mega-cap overlap."
EQT,2026-10-08T23:18:48.097004+00:00,9478998000.0,33114816180.984497,3.4934933187014594,4.171077092047428,4.425034918529092,4.478874295374978,9197057630.0,-0.02974368915364256,3.6005880916704114,9923940342.687857,0.04693980763450489,0.07668349678814745,,100.0,Forward Expectations Elevated,"Needs 5% growth to look fairly valued; analysts expect -3% -- covers part of what's required, but the price still leans on the forecast coming through. Mature-company read: owner earnings yield (8.2%) is blended 50/50 with the P/S growth-gap for the final classification, since revenue growth alone is a weak value driver here.",3.3368616736379426,Historical Median Tactical Anchor (ROIC-adjusted),low,5,quarterly,0.5068167542603131,0.4276043733736414,0.2860655735975469,,10.454983014648414,3758333000.0,0.396490536236003,1.3860127636113533,Solid,USD,USD,1.0,,-0.11718245847505004,,0.07474369102359446,0.19537537647927317,,407539000.0,696986000.0,-0.11505991337499555,^GSPC,0.1448588116429148,-0.25991872501791036,2.0,7.0,2712295000.0,0.08190578456411543,2487812000.0,Net income + D&A - maintenance capex,0.08855970801672286,0.30123747079065777,0.4184199292657078,High multiple expansion risk,"Market cap growth is outpacing revenue growth, but the current multiple is not at an extreme historical level.",0.03657300107867149,-0.30881277762561626,0.0,Poor,True,8.99357270653841,54.49678635326921,Blended 50/50: P/S growth-gap + Owner Earnings Yield (mature-company mode),Fair Value,1.0,0.03721701219677077,-0.02974368915364256,0.08190578456411543,-0.0149450832137021,50.4,ENERGY & COMMODITY,0.18,Layer 2: Baseload & Nuclear Fuel,0.010285714285714285,"Uranium pure-plays for the nuclear baseload, oil sands, one light supermajor, and natural gas. No duplicate mega-cap overlap."
CVX,2026-10-08T23:18:48.097004+00:00,208711000000.0,414977178601.0381,1.9882860922569394,1.5914789155830698,1.7113808347085662,1.9338791323901825,220691126170.0,0.05740054989914278,1.8803528071236453,325936754909.0361,0.5616654364601581,0.5042648865610153,7.986457783142178,89.78029514137381,Forward Expectations Stretched,"Needs 56% growth to look fairly valued by its own history, but analysts only expect 6% -- the price is asking for more growth than is currently forecast. Mature-company read: owner earnings yield (6.2%) is blended 50/50 with the P/S growth-gap for the final classification, since revenue growth alone is a weak value driver here.",1.273183132466456,Historical Median Tactical Anchor (ROIC-adjusted),low,5,quarterly,0.32359578555993695,0.12370215273751743,0.09865795286304986,,18.07983193277311,27012000000.0,0.1294229820181974,1.3118352678354621,Solid,USD,USD,1.0,,-0.07852874895364959,,0.04772984160313777,0.013698529222134104,11139000000.0,13863000000.0,1197000000.0,0.11644344869610412,^GSPC,0.1448588116429148,-0.028415362946810685,5.0,2.0,25837000000.0,0.062261255154081305,18309000000.0,Net income + D&A - maintenance capex,0.13886949634543533,0.15447033342132044,0.23299908237497002,Elevated multiple expansion,Market cap growth is outpacing revenue growth and the current multiple is above its historical 75th percentile -- expansion risk is elevated.,0.07627998779278362,-0.12589079434857714,0.0,Poor,True,30.82082760657633,60.30056137397507,Blended 50/50: P/S growth-gap + Owner Earnings Yield (mature-company mode),Expensive,0.75,-0.00022418831150296248,0.05740054989914278,0.062261255154081305,-0.11988599336472705,50.2,ENERGY & COMMODITY,0.18,Layer 2: Baseload & Nuclear Fuel,0.010285714285714285,"Uranium pure-plays for the nuclear baseload, oil sands, one light supermajor, and natural gas. No duplicate mega-cap overlap."
FCX,2026-10-08T23:18:48.097004+00:00,25868000000.0,102158285709.74446,3.949214694206914,2.876242646988194,3.3137194851246923,3.3471004359596823,36125980640.0,0.3965509757229009,2.827834259442388,43223890928.95595,0.6709405802132344,0.27438960449033356,1.5370600879836314,40.896260053778335,Forward Expectations Elevated,"Needs 67% growth to look fairly valued; analysts expect 40% -- covers part of what's required, but the price still leans on the forecast coming through. Mature-company read: owner earnings yield (2.9%) is blended 50/50 with the P/S growth-gap for the final classification, since revenue growth alone is a weak value driver here.",2.3634680616248733,Historical Median Tactical Anchor (ROIC-adjusted),low,5,quarterly,0.2706046080098964,0.23929178908303694,0.11384722436987785,,14.530516431924882,1762000000.0,0.06811504561620535,0.59830220713073,Solid,USD,USD,1.0,,0.04391666611007472,,0.16567010975752916,0.0006988122469917535,203000000.0,866000000.0,0.0,0.09784487386947838,^GSPC,0.1448588116429148,-0.04701393777343643,15.0,0.0,2945000000.0,0.028827813422471014,2147000000.0,Net income + D&A - maintenance capex,0.2628641719784581,0.2637466769281238,0.2198300108180491,Elevated multiple expansion,Market cap growth is outpacing revenue growth and the current multiple is above its historical 75th percentile -- expansion risk is elevated.,0.17653632077566558,-0.08809084225546837,5.430169817186361,Poor,True,67.96909619725443,54.43267812551638,Blended 50/50: P/S growth-gap + Owner Earnings Yield (mature-company mode),Fair Value,1.0,0.2915338979987713,0.3965509757229009,0.028827813422471014,-0.13384489114660067,53.7,ENERGY & COMMODITY,0.18,Layer 3: Industrial & Critical Materials,0.0038571428571428567,"Copper for electrification, bulk mining, gold, mill-tech steel, machinery, batteries/storage, aluminum, tungsten, and mining engineering services."
SCCO,2026-10-08T23:18:48.097004+00:00,15787500000.0,167737319752.83893,10.624691670805316,9.040276437086156,9.072398457965278,9.62214248654547,16543106990.0,0.047861092003167016,10.139408507376094,16058768531.568813,0.017182488143709485,-0.03067860385945753,0.36440990054830297,0.0,Forward Expectations Elevated,"Needs 2% growth to look fairly valued; analysts expect 5% -- covers part of what's required, but the price still leans on the forecast coming through. Mature-company read: owner earnings yield (3.4%) is blended 50/50 with the P/S growth-gap for the final classification, since revenue growth alone is a weak value driver here.",10.445216856018307,Historical Median Tactical Anchor (ROIC-adjusted),low,5,quarterly,0.5815170229612034,0.5689881235154395,0.3586634996041172,,24.87648850733869,5100400000.0,0.32306571654790184,0.9007487990957898,Solid,USD,USD,1.0,,0.10126643785436218,,0.31472447048863866,1.5874890133327213e-05,,3019800000.0,,0.09658093922151689,^GSPC,0.1448588116429148,-0.048277872421397916,3.0,4.0,5662400000.0,0.03375754428617049,890200000.0,Net income + D&A - maintenance capex,0.45979139478120357,0.45981456880921323,0.35854813095485105,High multiple expansion risk,Market cap growth is far ahead of revenue growth while P/S is near historical highs -- multiple expansion is doing most of the work.,0.2601866168337181,0.10362144617674685,88.85225271344106,High & durable,True,62.49161745981057,31.245808729905285,Blended 50/50: P/S growth-gap + Owner Earnings Yield (mature-company mode),Undervalued,1.5,0.07598789046480464,0.047861092003167016,0.03375754428617049,-0.005630745824532861,65.2,ENERGY & COMMODITY,0.18,Layer 3: Industrial & Critical Materials,0.0038571428571428567,"Copper for electrification, bulk mining, gold, mill-tech steel, machinery, batteries/storage, aluminum, tungsten, and mining engineering services."
BHP,2026-10-08T23:18:48.097004+00:00,58760000000.0,215593490165.4132,3.669051908873608,4.948862496239558,5.431428345485592,6.258712557027121,57191523710.0,-0.02669292528931244,3.7696755774268076,45421160321.42663,-0.2270054404113916,-0.20031251512207915,,0.0,Forward Expectations Manageable,"Already trades at or below its historical valuation norm (needs 0% growth) -- -3% forecast growth would be upside on top of an already-fair price. Mature-company read: owner earnings yield (4.6%) is blended 50/50 with the P/S growth-gap for the final classification, since revenue growth alone is a weak value driver here.",4.746542990970462,Historical Median Tactical Anchor (ROIC-adjusted),low,4,annual,0.7557692307692307,0.4339857045609258,0.16734172906739278,0.28239429743189143,12.097248576850095,11929000000.0,0.20301225323349217,1.213159768127733,Solid,USD,USD,1.0,,0.029723839848806,,0.25509543444944816,0.001035856880475139,,6756000000.0,685000000.0,0.1263156199328861,^GSPC,0.1448588116429148,-0.018543191710028717,0.0,2.0,9833000000.0,0.04560898379842393,6201000000.0,Net income + D&A - maintenance capex,0.1858167977838996,0.18704513427286695,0.15732129442406095,Elevated multiple expansion,Market cap has grown somewhat faster than revenue over the last 3 years.,0.23886987247645566,-0.02184011630743138,39.77949450894875,Weak / inconsistent,True,49.32335133508452,24.66167566754226,Blended 50/50: P/S growth-gap + Owner Earnings Yield (mature-company mode),Undervalued,1.5,0.11680611374753609,-0.02669292528931244,0.04560898379842393,0.0978900552384246,68.4,ENERGY & COMMODITY,0.18,Layer 3: Industrial & Critical Materials,0.0038571428571428567,"Copper for electrification, bulk mining, gold, mill-tech steel, machinery, batteries/storage, aluminum, tungsten, and mining engineering services."
NEM,2026-10-08T23:18:48.097004+00:00,25767000000.0,121754145129.66362,4.725196768334056,4.472832391295331,4.757680041393477,4.874802811099589,29005002950.0,0.12566472425971198,4.197694630114272,27487789325.40484,0.06678268038207169,-0.05888204387764029,0.5461286015548453,0.0,Forward Expectations Manageable,Needs 7% growth to look fairly valued by its own history; analysts expect 13% -- the bar is comfortably cleared if the forecast is anywhere close to right.,4.429390217173109,Historical Median Tactical Anchor (ROIC-adjusted),low,5,quarterly,0.5906779989909574,0.5522567625257112,0.33364380797143633,,89.49685534591195,9733000000.0,0.37773120658206233,1.1321391182970804,Solid,USD,USD,1.0,,0.23911830284606483,,0.20611352235600341,0.11152242956707692,4406000000.0,1104000000.0,8000000.0,-0.01768168682991411,^GSPC,0.1448588116429148,-0.16254049847282892,2.0,1.0,8597000000.0,0.07060950566278065,2544000000.0,Net income + D&A - maintenance capex,0.4783475392314229,0.6432164485510208,0.40409814570495595,High multiple expansion risk,"Market cap growth is outpacing revenue growth, but the current multiple is not at an extreme historical level.",0.11275673844378209,0.15003187345512323,47.571886764258984,Moderate,False,21.544993708021497,0.0,P/S growth-gap,Deep Undervalued,2.0,0.175406911892247,0.12566472425971198,0.07060950566278065,-0.020867318030245625,83.9,ENERGY & COMMODITY,0.18,Layer 3: Industrial & Critical Materials,0.0038571428571428567,"Copper for electrification, bulk mining, gold, mill-tech steel, machinery, batteries/storage, aluminum, tungsten, and mining engineering services."
STLD,2026-10-08T23:18:48.097004+00:00,20538678000.0,33563138104.518433,1.6341430594762931,1.3423722479700289,1.3673748201162341,1.4778877280621225,24349332270.0,0.18553551840094085,1.3784007599202404,30928869183.23978,0.5058841266823395,0.32034860828139866,2.4053654882928757,63.32450286240263,Forward Expectations Elevated,"Needs 51% growth to look fairly valued; analysts expect 19% -- covers part of what's required, but the price still leans on the forecast coming through. Mature-company read: owner earnings yield (4.8%) is blended 50/50 with the P/S growth-gap for the final classification, since revenue growth alone is a weak value driver here.",1.085171847236696,Historical Median Tactical Anchor (ROIC-adjusted),low,5,quarterly,0.1465219913375145,0.10835979803568661,0.07825435502713465,,19.71412500442901,955563000.0,0.04652504898319162,0.5945362269877387,Solid,USD,USD,1.0,,-0.06533213396467008,,0.10256188349098079,-0.057168143890192424,766059000.0,295997000.0,,0.25433465537921474,^GSPC,0.1448588116429148,0.10947584373629993,4.0,2.0,1609203000.0,0.04794554653944475,616009000.0,Net income + D&A - maintenance capex,0.3100419888745871,0.23514931995241084,0.3004814539170809,High multiple expansion risk,Market cap growth is far ahead of revenue growth while P/S is near historical highs -- multiple expansion is doing most of the work.,0.1646416080067806,-0.34495049787081294,2.0996502418985656,Poor,True,46.727170511728055,55.02583668706534,Blended 50/50: P/S growth-gap + Owner Earnings Yield (mature-company mode),Expensive,0.75,0.12150163754648893,0.18553551840094085,0.04794554653944475,-0.11197942739389666,50.5,ENERGY & COMMODITY,0.18,Layer 3: Industrial & Critical Materials,0.0038571428571428567,"Copper for electrification, bulk mining, gold, mill-tech steel, machinery, batteries/storage, aluminum, tungsten, and mining engineering services."
CAT,2026-10-08T23:18:48.097004+00:00,74729000000.0,365983949757.26056,4.897482232563805,4.006219767249891,4.698784268780299,5.4724015194114175,88247279720.0,0.1808973721045377,4.147254747324698,93838194760.45894,0.2557132406489975,0.07481586854445976,1.3694435796912499,29.257721795937464,Forward Expectations Elevated,"Needs 26% growth to look fairly valued; analysts expect 18% -- covers part of what's required, but the price still leans on the forecast coming through. Mature-company read: owner earnings yield (3.0%) is blended 50/50 with the P/S growth-gap for the final classification, since revenue growth alone is a weak value driver here.",3.900159745096429,Historical Median Tactical Anchor (ROIC-adjusted),low,5,quarterly,0.32461293473751823,0.17519303081802245,0.14511100108391656,,24.748582230623818,8994000000.0,0.12035488230807317,0.8293987458502398,Solid,USD,USD,1.0,,0.0438323160905727,,0.15505483686396485,-0.034111607881085915,7302000000.0,2812000000.0,82000000.0,0.035765006413278844,^GSPC,0.1448588116429148,-0.10909380522963597,24.0,0.0,10844000000.0,0.029629714656045164,2379000000.0,Net income + D&A - maintenance capex,0.46033221999176566,0.4105179399272909,0.3666856238367182,High multiple expansion risk,Market cap growth is outpacing revenue growth and the current multiple is above its historical 75th percentile -- expansion risk is elevated.,0.18779933763155668,0.007996208998101523,43.38153993569678,Weak / inconsistent,True,67.07809482661648,48.167908311276975,Blended 50/50: P/S growth-gap + Owner Earnings Yield (mature-company mode),Fair Value,1.0,0.14264714082726992,0.1808973721045377,0.029629714656045164,-0.06787994593331297,53.7,ENERGY & COMMODITY,0.18,Layer 3: Industrial & Critical Materials,0.0038571428571428567,"Copper for electrification, bulk mining, gold, mill-tech steel, machinery, batteries/storage, aluminum, tungsten, and mining engineering services."
3750.HK,2026-10-08T23:18:48.097004+00:00,598414817707.6647,2206272593799.8184,3.6868615691224718,4.891061668780101,5.1985937488800085,5.3057998385411365,886668378407.4795,0.4816952257365916,2.4882725577317233,375902129095.77655,-0.37183686303802255,-0.8535320887746142,0.0,0.0,Forward Expectations Manageable,⚠ Historical P/S converts all past periods at TODAY's FX rate -- percentiles are approximate for foreign-currency reporters (material mainly for high-inflation currencies). Already trades at or below its historical valuation norm (needs 0% growth) -- 48% forecast growth would be upside on top of an already-fair price.,5.869274002536121,Historical Median Tactical Anchor (ROIC-adjusted),low,4,quarterly,0.254087202338087,0.19061419280185657,0.162144227489751,,35.8901076379767,91395349000.0,0.1786013912611258,1.101497068542974,Solid,CNY,HKD,1.1693999767303467,Revenue converted from CNY to HKD at 1.169 to match the share price currency.,0.08842934883424336,,0.5674163263430461,0.012525008373526214,,54035848000.0,33608000.0,-0.24315577828882806,^HSI,-0.06806929292749475,-0.1750864853613333,0.0,2.0,,,,,,,,Insufficient data,,0.674510408021962,0.13448004492696786,100.0,High & durable,True,,0.0,P/S growth-gap,Deep Undervalued,2.0,0.6790096074943619,0.4816952257365916,0.0,0.19731438175777027,81.7,ENERGY & COMMODITY,0.18,Layer 3: Industrial & Critical Materials,0.0038571428571428567,"Copper for electrification, bulk mining, gold, mill-tech steel, machinery, batteries/storage, aluminum, tungsten, and mining engineering services."
HBM,2026-10-08T23:18:48.097004+00:00,2468300000.0,11276835185.315552,4.568664743068327,3.616330812733837,3.6309192494150753,3.8040061420437126,3387555610.0,0.37242458777296106,3.328900388240579,3817058297.2822614,0.546432077657603,0.17400748988464199,1.377066906236897,31.844303619685355,Forward Expectations Elevated,"Needs 55% growth to look fairly valued; analysts expect 37% -- covers part of what's required, but the price still leans on the forecast coming through.",2.95432616089323,Historical Median Tactical Anchor (ROIC-adjusted),low,5,quarterly,0.39395535388729086,0.2976542559656444,0.2747640076165782,,8.643529411764705,283200000.0,0.11473483774257587,0.4175759363019758,Solid,USD,USD,1.0,,0.14798421785170168,,0.08089440357575194,0.14839591957789766,,8500000.0,26800000.0,0.06826280875618296,^GSPC,0.1448588116429148,-0.07659600288673185,4.0,0.0,678200000.0,0.06014098715241819,426000000.0,Net income + D&A - maintenance capex,0.7561159745429917,1.0167164194707348,0.8687322016190331,High multiple expansion risk,Market cap growth is far ahead of revenue growth while P/S is near historical highs -- multiple expansion is doing most of the work.,0.0611298659479995,0.001864495754867232,4.235059918360197,Poor,False,33.17668094175757,31.844303619685355,P/S growth-gap,Undervalued,1.5,0.31478217627668903,0.37242458777296106,0.06014098715241819,-0.11778339864869018,68.6,ENERGY & COMMODITY,0.18,Layer 3: Industrial & Critical Materials,0.0038571428571428567,"Copper for electrification, bulk mining, gold, mill-tech steel, machinery, batteries/storage, aluminum, tungsten, and mining engineering services."
AA,2026-10-08T23:18:48.097004+00:00,13603000000.0,11303242012.582626,0.8309374411955176,0.9397204909439042,1.2746978102579527,1.3990101245819704,15332038030.0,0.12710711093141214,0.7372302358281214,15035377702.082804,0.10529866221295325,-0.021808448718458884,0.8367071221979953,0.0,Forward Expectations Manageable,"Needs 11% growth to look fairly valued by its own history; analysts expect 13% -- the bar is comfortably cleared if the forecast is anywhere close to right. Mature-company read: owner earnings yield (11.3%) is blended 50/50 with the P/S growth-gap for the final classification, since revenue growth alone is a weak value driver here.",0.7517763927551234,Historical Median Tactical Anchor (ROIC-adjusted),low,5,quarterly,0.1878997280011762,0.079320738072484,0.09387635080496949,,8.991666666666667,352000000.0,0.025876644857751967,0.27564604541895066,Solid,USD,USD,1.0,,0.010071437935283534,,0.1048699501936912,0.14132448186200786,,105000000.0,,-0.4010341518937668,^GSPC,0.1448588116429148,-0.5458929635366816,3.0,3.0,1277000000.0,0.1129764361922411,657000000.0,Net income + D&A - maintenance capex,0.17693802889929966,0.343268186017186,0.33319674808190247,High multiple expansion risk,"Market cap growth is outpacing revenue growth, but the current multiple is not at an extreme historical level.",0.04381531302582766,-0.014416660309983287,0.0,Poor,True,0.0,0.0,Blended 50/50: P/S growth-gap + Owner Earnings Yield (mature-company mode),Deep Undervalued,2.0,0.20832782781362486,0.12710711093141214,0.1129764361922411,-0.03175571931002837,73.5,ENERGY & COMMODITY,0.18,Layer 3: Industrial & Critical Materials,0.0038571428571428567,"Copper for electrification, bulk mining, gold, mill-tech steel, machinery, batteries/storage, aluminum, tungsten, and mining engineering services."
ALB,2026-10-08T23:18:48.097004+00:00,5907904000.0,12048316139.638573,2.0393554363169364,2.6919839981691913,3.146601374930869,3.534383436347877,6236854070.0,0.055679657286238804,1.931793818552271,5594533691.430089,-0.05304255258208512,-0.10872220986832393,0.0,0.0,Forward Expectations Elevated,"Already trades at or below its historical valuation norm (needs 0% growth) -- 6% forecast growth would be upside on top of an already-fair price. Mature-company read: owner earnings yield (3.4%) is blended 50/50 with the P/S growth-gap for the final classification, since revenue growth alone is a weak value driver here.",2.153587198535353,Historical Median Tactical Anchor (ROIC-adjusted),low,5,quarterly,0.23812353755240437,0.13732162878746845,0.03794526789873363,,4.695468225489061,1342372000.0,0.2272162851664482,5.988000553134354,Solid,USD,USD,1.0,,-0.11101948515436078,,0.004740909640238619,0.0015562362333689794,,357408000.0,524918000.0,-0.4211819756034392,^GSPC,0.1448588116429148,-0.566040787246354,4.0,12.0,408020000.0,0.03386531323307722,457956000.0,Net income + D&A - maintenance capex,-0.12488843020698748,-0.12352654987383516,-0.012507064719474381,No bubble signal,Market cap growth has not materially outpaced revenue growth over the last 3 years.,-0.009599185620810441,-0.20757321229578765,0.0,Poor,True,62.37187418546976,31.18593709273488,Blended 50/50: P/S growth-gap + Owner Earnings Yield (mature-company mode),Undervalued,1.5,0.10821619055027484,0.055679657286238804,0.03386531323307722,0.018671220030958818,60.0,ENERGY & COMMODITY,0.18,Layer 3: Industrial & Critical Materials,0.0038571428571428567,"Copper for electrification, bulk mining, gold, mill-tech steel, machinery, batteries/storage, aluminum, tungsten, and mining engineering services."
ALM,2026-10-08T23:18:48.097004+00:00,60320573.54289293,3337722189.4626617,55.3330645486861,68.43791942675436,109.4880448660861,112.68319389097287,,,,60962588.74867712,0.01064338695864131,,,,Forward Expectations Stretched,"⚠ Forward revenue estimate is 11.5x TTM revenue (outside 0.2-5.0x) -- units mismatch suspected; forward fields ignored. ⚠ Historical P/S converts all past periods at TODAY's FX rate -- percentiles are approximate for foreign-currency reporters (material mainly for high-inflation currencies). No usable analyst forward revenue estimate -- would need 1% growth to look fairly valued by its own history, but there's no reliable forecast to check that against. Mature-company read: owner earnings yield (2.3%) is blended 50/50 with the P/S growth-gap for the final classification, since revenue growth alone is a weak value driver here.",54.750335541403494,Historical Median Tactical Anchor (ROIC-adjusted),low,5,quarterly,0.48576390102910155,0.05183967926529375,1.2522988706688578,,0.5601309658733157,-55484000.0,-0.646644056734613,-0.5163655992033578,Watch: cash burning,CAD,USD,0.7030124068260193,Revenue converted from CAD to USD at 0.703 to match the share price currency.,0.09453484287854264,,-0.09092390619586102,0.22204613288082298,,0.0,,-0.34373226060204065,^GSPC,0.1448588116429148,-0.48859107224495546,0.0,0.0,75539386.1258626,0.022632017237487236,742381.1016082764,Net income + D&A - maintenance capex,1.4636037563920063,2.0106374434495202,1.9161026005709776,High multiple expansion risk,"Market cap growth is outpacing revenue growth, but the current multiple is not at an extreme historical level.",-0.049761936635082805,-0.04246619516496391,0.0,Poor,True,74.85331418056973,74.85331418056973,"Owner Earnings Yield only (mature-company mode, no forward P/S read)",Expensive,0.75,0.11365642735739193,0.09453484287854264,0.022632017237487236,-0.003510432758637938,35.6,ENERGY & COMMODITY,0.18,Layer 3: Industrial & Critical Materials,0.0038571428571428567,"Copper for electrification, bulk mining, gold, mill-tech steel, machinery, batteries/storage, aluminum, tungsten, and mining engineering services."
LYL.AX,2026-10-08T23:18:48.097004+00:00,374019000.0,926344668.06,2.476731577967964,1.3481875607182712,1.5396145037194506,1.7948575487759617,586000000.0,0.566765324756229,1.5807929489078498,715733026.0845973,0.9136274523074961,0.3468621275512671,1.4453932381557688,37.96537928837596,Forward Expectations Elevated,"Needs 91% growth to look fairly valued; analysts expect 57% -- covers part of what's required, but the price still leans on the forecast coming through.",1.2942600582895403,Historical Median Tactical Anchor (ROIC-adjusted),low,4,annual,0.9000024062948674,0.11977199019301159,0.10739828725278662,-1.550959947037405,207.3935185185185,56795000.0,0.15185057443605807,1.413901267146307,Solid,AUD,AUD,1.0,,0.049148072684521704,,0.45431901941735003,0.0,1890000.0,18678000.0,8671000.0,0.7410521815483972,^AXJO,-0.00012597486477006203,0.7411781564131673,0.0,0.0,,,,,0.41330700829074374,0.41330700829074374,0.36415893560622203,High multiple expansion risk,Market cap growth is far ahead of revenue growth while P/S is near historical highs -- multiple expansion is doing most of the work.,0.5026563239281439,-0.39068342343184265,40.0,Weak / inconsistent,True,,37.96537928837596,P/S growth-gap,Fair Value,1.0,0.40762124280063505,0.566765324756229,0.0,-0.15914408195559396,57.7,ENERGY & COMMODITY,0.18,Layer 3: Industrial & Critical Materials,0.0038571428571428567,"Copper for electrification, bulk mining, gold, mill-tech steel, machinery, batteries/storage, aluminum, tungsten, and mining engineering services."
NUE,2026-10-08T23:18:48.097004+00:00,36101000000.0,55843178752.16608,1.5468596092121014,1.1472230889039323,1.1578215287573703,1.2988766311855358,41414734750.0,0.1471907911138195,1.348389144329026,60846032576.7144,0.6854389788846404,0.538248187770821,3.801635859441809,78.5260547403751,Forward Expectations Stretched,"Needs 69% growth to look fairly valued by its own history, but analysts only expect 15% -- the price is asking for more growth than is currently forecast. Mature-company read: owner earnings yield (5.2%) is blended 50/50 with the P/S growth-gap for the final classification, since revenue growth alone is a weak value driver here.",0.9177784711231459,Historical Median Tactical Anchor (ROIC-adjusted),low,5,quarterly,0.15470485582116839,0.11545386554389075,0.0798869837400626,,28.744827586206895,1583000000.0,0.04384920085316196,0.5488904299583911,Solid,USD,USD,1.0,,-0.0783985002595462,,0.08180093992914002,-0.03424020416938511,675000000.0,512000000.0,0.0,0.35776677549149394,^GSPC,0.1448588116429148,0.21290796384857913,4.0,1.0,2884000000.0,0.0516446245440162,1513000000.0,Net income + D&A - maintenance capex,0.17713828561004807,0.13683283037516003,0.21523133063470623,Elevated multiple expansion,Market cap growth is outpacing revenue growth and the current multiple is above its historical 75th percentile -- expansion risk is elevated.,0.13677367823675737,-0.3160258520879868,0.0,Poor,True,42.617083839981994,60.571569290178545,Blended 50/50: P/S growth-gap + Owner Earnings Yield (mature-company mode),Expensive,0.75,0.06327449503678026,0.1471907911138195,0.0516446245440162,-0.13556092062105543,50.0,ENERGY & COMMODITY,0.18,Layer 3: Industrial & Critical Materials,0.0038571428571428567,"Copper for electrification, bulk mining, gold, mill-tech steel, machinery, batteries/storage, aluminum, tungsten, and mining engineering services."
COP,2026-10-08T23:18:48.097004+00:00,63345000000.0,163482875773.6806,2.5808331482150226,2.051595138609467,2.1021174474632427,2.466724836788558,68232766399.0,0.07716104505485832,2.395958487417807,99607174374.37868,0.5724551957436053,0.49529415068874694,6.089665073443137,86.5210333265247,Forward Expectations Stretched,"Needs 57% growth to look fairly valued by its own history, but analysts only expect 8% -- the price is asking for more growth than is currently forecast. Mature-company read: owner earnings yield (5.7%) is blended 50/50 with the P/S growth-gap for the final classification, since revenue growth alone is a weak value driver here.",1.6412761108875735,Historical Median Tactical Anchor (ROIC-adjusted),low,5,quarterly,0.2767858552371931,0.21918067724366563,0.1465309022022259,,11.736263736263735,10064000000.0,0.15887599652695555,1.0842490842490842,Solid,USD,USD,1.0,,-0.09106174739359629,,0.08790740607977478,0.0003572194097987147,5386000000.0,4070000000.0,0.0,0.08679874469663118,^GSPC,0.1448588116429148,-0.05806006694628363,5.0,0.0,9282000000.0,0.05677658871654327,11805000000.0,Net income + D&A - maintenance capex,0.0830813982180536,0.083468295915889,0.1745300433094853,Elevated multiple expansion,Market cap has grown somewhat faster than revenue over the last 3 years.,0.11764333057888632,-0.2016641145683754,0.0,Poor,True,36.91490142606303,61.71796737629387,Blended 50/50: P/S growth-gap + Owner Earnings Yield (mature-company mode),Expensive,0.75,0.012587022893763997,0.07716104505485832,0.05677658871654327,-0.12135061087763761,49.3,ENERGY & COMMODITY,0.18,Layer 3: Industrial & Critical Materials,0.0038571428571428567,"Copper for electrification, bulk mining, gold, mill-tech steel, machinery, batteries/storage, aluminum, tungsten, and mining engineering services."
TSM,2026-10-08T23:18:48.097004+00:00,139148041681.36856,2375353182564.71,17.07069071086152,66.82274776816678,68.02572866481611,75.62811052177655,231212189487.02612,0.6616273336887688,10.273477310321464,30067573287.557476,-0.7839166622523627,-1.4455439959411316,0.0,0.0,Forward Expectations Manageable,⚠ Historical P/S converts all past periods at TODAY's FX rate -- percentiles are approximate for foreign-currency reporters (material mainly for high-inflation currencies). Already trades at or below its historical valuation norm (needs 0% growth) -- 66% forecast growth would be upside on top of an already-fair price.,79.0004953125923,Historical Median Tactical Anchor (ROIC-adjusted),low,5,quarterly,0.6423016882967312,0.5609925043500642,0.49922581368321417,,211.03822638233905,1124666937000.0,0.25327527248178816,0.5073360902817918,Solid,TWD,USD,0.03133617341518402,Revenue converted from TWD to USD at 0.03134 to match the share price currency.,0.18937972542772896,,0.4401932580552065,2.7561029066092146e-05,0.0,531618439000.0,,0.2579777991137149,^GSPC,0.1448588116429148,0.11311898747080007,2.0,0.0,69466294330.80704,0.029244617112392134,21587114270.34572,Net income + D&A - maintenance capex,0.7457196445295191,0.7457677583593831,0.5563880329316542,High multiple expansion risk,"Market cap growth is outpacing revenue growth, but the current multiple is not at an extreme historical level.",0.35281347740662455,0.042599812882799515,95.5598877296797,High & durable,False,67.50598098623097,0.0,P/S growth-gap,Deep Undervalued,2.0,1.900153317924888,0.6616273336887688,0.029244617112392134,1.209281367123727,74.9,AI / SEMIS,0.1,"Layer 1: Physical Monopolies, Foundry & Materials",0.005,"Structural monopolies in advanced foundries, EUV lithography, silicon wafers, materials/filtration, and differentiated foundry; photonics/substrate satellites."
ASML,2026-10-08T23:18:48.097004+00:00,39622588136.19614,679776354003.9062,17.156283473136252,12.638574317378206,13.388089693711958,15.668237744423626,61240856341.74133,0.545604646804897,11.100046514871732,56026918145.381454,0.41401460078271834,-0.1315900460221786,0.7956380496077545,0.0,Forward Expectations Manageable,⚠ Historical P/S converts all past periods at TODAY's FX rate -- percentiles are approximate for foreign-currency reporters (material mainly for high-inflation currencies). Needs 41% growth to look fairly valued by its own history; analysts expect 55% -- the bar is comfortably cleared if the forecast is anywhere close to right.,12.133031344683078,Historical Median Tactical Anchor (ROIC-adjusted),low,5,quarterly,0.5273313990517302,0.3542113084707381,0.3011365083858184,,,8894500000.0,0.25177269832283633,0.8360749736802526,Solid,EUR,USD,1.1215791702270508,Revenue converted from EUR to USD at 1.122 to match the share price currency.,0.15551134263329014,,0.8393972815430893,-0.007808741471058145,4357400000.0,2570200000.0,0.0,0.2497444156764821,^GSPC,0.1448588116429148,0.10488560403356728,0.0,1.0,11931807844.543457,0.01755254912040511,1171040811.6340637,Net income + D&A - maintenance capex,0.4470961044049988,0.4357961050419248,0.28028476240863465,Elevated multiple expansion,Market cap growth is outpacing revenue growth and the current multiple is above its historical 75th percentile -- expansion risk is elevated.,0.7436402558173509,-0.11255773083518794,40.0,Weak / inconsistent,False,80.49716764399433,0.0,P/S growth-gap,Deep Undervalued,2.0,0.465559287918425,0.545604646804897,0.01755254912040511,-0.09759790800687711,72.5,AI / SEMIS,0.1,"Layer 1: Physical Monopolies, Foundry & Materials",0.005,"Structural monopolies in advanced foundries, EUV lithography, silicon wafers, materials/filtration, and differentiated foundry; photonics/substrate satellites."
SHECY,2026-10-08T23:18:48.097004+00:00,16296099815.00497,69553279171.6062,4.268093590563527,2.0578853862246116,2.4628187153999708,2.4968234110928487,18944736816.449493,0.16253195743227677,3.6713774303380085,41373517045.64652,1.5388600656183389,1.376328108186062,6.186673519278111,89.43815873427265,Forward Expectations Stretched,"⚠ Historical P/S converts all past periods at TODAY's FX rate -- percentiles are approximate for foreign-currency reporters (material mainly for high-inflation currencies). Needs 154% growth to look fairly valued by its own history, but analysts only expect 16% -- the price is asking for more growth than is currently forecast. Mature-company read: owner earnings yield (4.3%) is blended 50/50 with the P/S growth-gap for the final classification, since revenue growth alone is a weak value driver here.",1.6811062761444608,Historical Median Tactical Anchor (ROIC-adjusted),low,4,annual,0.3421925438884462,0.24678036137964365,0.18432972580477852,-1.4848186952598446,234.73946784922396,356701000000.0,0.13858014607013527,0.7518057408543204,Solid,JPY,USD,0.006331117358058691,Revenue converted from JPY to USD at 0.006331 to match the share price currency.,-0.02868611973206192,,0.14894084592169593,-0.027311740175737564,500006000000.0,203162000000.0,0.0,-0.0775156752463988,^GSPC,0.1448588116429148,-0.2223744868893136,,,3003855610.5871687,0.04318783594912712,1538290577.8395944,Net income + D&A - maintenance capex,0.10562021929569743,0.07542380713325136,0.10410992686531328,Mild multiple expansion,Market cap has grown somewhat faster than revenue over the last 3 years.,0.1722406919143916,-0.15547045975994073,4.227393736029647,Poor,True,52.01351561208099,70.72583717317681,Blended 50/50: P/S growth-gap + Owner Earnings Yield (mature-company mode),Expensive,0.75,0.0036789790204188877,0.16253195743227677,0.04318783594912712,-0.202040814360985,49.7,AI / SEMIS,0.1,"Layer 1: Physical Monopolies, Foundry & Materials",0.005,"Structural monopolies in advanced foundries, EUV lithography, silicon wafers, materials/filtration, and differentiated foundry; photonics/substrate satellites."
ENTG,2026-10-08T23:18:48.097004+00:00,3326100000.0,24782632373.046875,7.4509582914064145,4.642286062194691,5.456677805263543,6.197968585667754,4032079240.0,0.21225436396981445,6.146365410479104,5601815609.290413,0.6841993954753054,0.47194503150549094,2.7082585761073967,68.97770366745738,Forward Expectations Stretched,"Needs 68% growth to look fairly valued by its own history, but analysts only expect 21% -- the price is asking for more growth than is currently forecast. Mature-company read: owner earnings yield (1.8%) is blended 50/50 with the P/S growth-gap for the final classification, since revenue growth alone is a weak value driver here.",4.424035723693896,Historical Median Tactical Anchor (ROIC-adjusted),low,5,quarterly,0.4547969092931662,0.29881843600613334,0.09184931300923004,,5.125838060856111,575200000.0,0.17293526953489072,1.8828150572831424,Solid,USD,USD,1.0,,-0.008753232926965393,,0.11614374330060871,0.006137587061388894,,61000000.0,6700000.0,0.25339211033800946,^GSPC,0.1448588116429148,0.10853329869509465,9.0,1.0,457300000.0,0.01845243851082385,205500000.0,Net income + D&A - maintenance capex,0.20011217374688606,0.20747796669669016,0.21623119962365556,Elevated multiple expansion,Market cap growth is outpacing revenue growth and the current multiple is above its historical 75th percentile -- expansion risk is elevated.,0.07945218930762582,0.06852012455555619,38.24661300613523,Weak / inconsistent,True,79.49729054352905,74.23749710549322,Blended 50/50: P/S growth-gap + Owner Earnings Yield (mature-company mode),Expensive,0.75,0.095291443841306,0.21225436396981445,0.01845243851082385,-0.1354153586393323,41.8,AI / SEMIS,0.1,"Layer 1: Physical Monopolies, Foundry & Materials",0.005,"Structural monopolies in advanced foundries, EUV lithography, silicon wafers, materials/filtration, and differentiated foundry; photonics/substrate satellites."
GFS,2026-10-08T23:18:48.097004+00:00,6938000000.0,27514182584.301315,3.9657224826032453,3.2463372981631995,3.5415709705430443,4.7656703435724985,8221905660.0,0.18505414528682618,3.3464483444707045,10594317555.922573,0.5269987829234035,0.34194463763657734,2.493127123110067,64.88528033019712,Forward Expectations Stretched,"Needs 53% growth to look fairly valued by its own history, but analysts only expect 19% -- the price is asking for more growth than is currently forecast. Mature-company read: owner earnings yield (3.1%) is blended 50/50 with the P/S growth-gap for the final classification, since revenue growth alone is a weak value driver here.",2.59706983853056,Historical Median Tactical Anchor (ROIC-adjusted),low,5,quarterly,0.27140386278466416,0.11588353992505045,0.1031997693859902,,,796000000.0,0.11473046987604497,1.111731843575419,Solid,USD,USD,1.0,,-0.057372736151414694,,0.06569238591854114,0.004925280344330263,438000000.0,,1103000000.0,0.036718689971915186,^GSPC,0.1448588116429148,-0.10814012167099962,14.0,3.0,841000000.0,0.030566054340274925,1120000000.0,Net income + D&A - maintenance capex,-0.045046097390521234,-0.040342681704257255,0.01703005444715744,No bubble signal,Market cap growth has not materially outpaced revenue growth over the last 3 years.,0.07222620655835592,-0.04856438606318887,0.0,Poor,True,66.03771739969453,65.46149886494582,Blended 50/50: P/S growth-gap + Owner Earnings Yield (mature-company mode),Expensive,0.75,0.10057998941936348,0.18505414528682618,0.030566054340274925,-0.11504021020773762,47.4,AI / SEMIS,0.1,"Layer 1: Physical Monopolies, Foundry & Materials",0.005,"Structural monopolies in advanced foundries, EUV lithography, silicon wafers, materials/filtration, and differentiated foundry; photonics/substrate satellites."
NVDA,2026-10-08T23:18:48.097004+00:00,302969000000.0,5565400456832.886,18.369537665018157,18.796898185033257,22.9724390093719,23.156616660309737,692206372650.0,1.2847432333010969,8.040088442882505,246733991341.19955,-0.18561307809974104,-1.185613078099741,0.0,0.0,Forward Expectations Manageable,⚠ Analyst forward growth 128% is extreme; capped at 100% for growth-gap/burden math (displayed forward growth is unchanged). Already trades at or below its historical valuation norm (needs 0% growth) -- 128% forecast growth would be upside on top of an already-fair price.,22.556277822039906,Historical Median Tactical Anchor (ROIC-adjusted),low,5,quarterly,0.7467463667900016,0.6521426284537362,0.6366294901458565,,426.7365010799136,127006000000.0,0.41920460509161,0.6584750024626839,Solid,USD,USD,1.0,,1.0004509499443963,,0.7016914814347474,-0.0048538260437490655,55315000000.0,6776000000.0,14156000000.0,0.26871050907045113,^GSPC,0.1448588116429148,0.12385169742753632,43.0,1.0,192879000000.0,0.03465680529119769,3687000000.0,Net income + D&A - maintenance capex,0.7139335583335995,0.7056144229909043,-0.29483652695349205,No bubble signal,Market cap growth has not materially outpaced revenue growth over the last 3 years.,0.7325059754509584,0.5202843318397176,100.0,High & durable,False,61.4924385653359,0.0,P/S growth-gap,Deep Undervalued,2.0,1.3953725577590803,1.2847432333010969,0.03465680529119769,0.07597251916678564,89.8,AI / SEMIS,0.1,"Layer 1: Physical Monopolies, Foundry & Materials",0.005,"Structural monopolies in advanced foundries, EUV lithography, silicon wafers, materials/filtration, and differentiated foundry; photonics/substrate satellites."
6920.T,2026-10-08T23:18:48.097004+00:00,251477000000.0,4181225325150.0,16.626670928752926,11.925382745611095,13.549249031114648,15.944014906692939,383799730530.0,0.5261822374610798,10.894289371636678,292179673554.4902,0.16185445807962617,-0.36432777938145366,0.354844551257907,0.0,Forward Expectations Manageable,Needs 16% growth to look fairly valued by its own history; analysts expect 53% -- the bar is comfortably cleared if the forecast is anywhere close to right.,14.310459294733315,Historical Median Tactical Anchor (ROIC-adjusted),low,4,annual,0.5895409918203255,0.488486024566859,0.3366192534506138,-0.6532320433087359,10236.916666666666,75551000000.0,0.30042906508348677,0.8924892501063176,Solid,JPY,JPY,1.0,,0.40651763399813245,,0.7031843513835203,3.568263534514671e-05,,24531000000.0,,0.17161666104529938,^N225,0.3108045954490166,-0.13918793440371724,2.0,2.0,87005000000.0,0.02080849349989975,2323000000.0,Net income + D&A - maintenance capex,0.2761067905911898,0.27615232544446,-0.13036530855367245,No bubble signal,Market cap growth has not materially outpaced revenue growth over the last 3 years.,0.5854768265744922,0.29737871749576456,100.0,High & durable,False,76.87945166677805,0.0,P/S growth-gap,Deep Undervalued,2.0,0.5005550645559843,0.5261822374610798,0.02080849349989975,-0.04643566640499527,83.5,AI / SEMIS,0.1,"Layer 1: Physical Monopolies, Foundry & Materials",0.005,"Structural monopolies in advanced foundries, EUV lithography, silicon wafers, materials/filtration, and differentiated foundry; photonics/substrate satellites."
AXTI,2026-10-08T23:18:48.097004+00:00,125509000.0,4698976612.056274,37.43935982324992,10.03118523512264,24.963794476043212,28.2807630932126,460690000.0,2.6705734250133455,10.199866747826682,585546037.4218212,3.665370909032988,2.665370909032988,2.221991783617375,72.71763145346117,Forward Expectations Stretched,"⚠ Analyst forward growth 267% is extreme; capped at 100% for growth-gap/burden math (displayed forward growth is unchanged). Needs 367% growth to look fairly valued by its own history, but analysts only expect 267% -- the price is asking for more growth than is currently forecast. Mature-company read: owner earnings yield (0.1%) is blended 50/50 with the P/S growth-gap for the final classification, since revenue growth alone is a weak value driver here.",8.024948188098113,Historical Median Tactical Anchor (ROIC-adjusted),low,5,quarterly,0.3218414615684931,0.041773896692667456,0.03230047247607741,,4.17104216388226,-19565000.0,-0.15588523532176976,-4.826097681302417,Watch: cash burning,USD,USD,1.0,,-0.14460104223313408,,-0.07476060411311054,0.08308495059028886,,,,0.3474991209267635,^GSPC,0.1448588116429148,0.20264030928384869,4.0,0.0,4054000.0,0.0008627410465501269,9566000.0,Net income + D&A - maintenance capex,2.0574722320622256,2.3115021613942957,2.4561032036274297,High multiple expansion risk,Market cap growth is far ahead of revenue growth while P/S is near historical highs -- multiple expansion is doing most of the work.,-0.06253362899830865,-0.12260117742425411,0.0,Poor,True,99.04139883716653,85.87951514531385,Blended 50/50: P/S growth-gap + Owner Earnings Yield (mature-company mode),Very Expensive,0.5,2.409551242688553,2.6705734250133455,0.0008627410465501269,-0.2618849233713428,18.5,AI / SEMIS,0.1,"Layer 1: Physical Monopolies, Foundry & Materials",0.005,"Structural monopolies in advanced foundries, EUV lithography, silicon wafers, materials/filtration, and differentiated foundry; photonics/substrate satellites."
ALMU,2026-10-08T23:18:48.097004+00:00,4461000.0,230427037.28444672,51.65367345537922,52.875720308660185,57.60830042848425,71.86762267257063,18950000.0,3.247926473884779,12.159738115274234,4736846.505338919,0.06183512785001555,-0.9381648721499845,0.08655977490044711,0.0,Forward Expectations Manageable,⚠ Analyst forward growth 325% is extreme; capped at 100% for growth-gap/burden math (displayed forward growth is unchanged). Needs 6% growth to look fairly valued by its own history; analysts expect 325% -- the bar is comfortably cleared if the forecast is anywhere close to right.,48.645662683967366,Historical Median Tactical Anchor (ROIC-adjusted),low,5,quarterly,0.3523873570948218,-2.2833445415826046,-2.0531271015467385,,,-3912000.0,-0.8769334229993275,0.4271208647232231,"Caution: unprofitable, cash burning",USD,USD,1.0,,1.8468915175616876,,-2.7296268656716416,0.1453391614585604,0.0,,,0.03829421608550643,^GSPC,0.1448588116429148,-0.10656459555740838,0.0,2.0,-9159000.0,-0.039747939772769934,451000.0,Net income + D&A - maintenance capex,0.5828152491915872,0.812860290252915,-1.0340312273087726,No bubble signal,Market cap growth has not materially outpaced revenue growth over the last 3 years.,-1.5316733249550314,0.1774469463933146,30.0,Weak / inconsistent,False,100.0,0.0,P/S growth-gap,Deep Undervalued,2.0,3.1887671313972836,3.247926473884779,-0.039747939772769934,-0.01941140271472534,60.7,AI / SEMIS,0.1,"Layer 1: Physical Monopolies, Foundry & Materials",0.005,"Structural monopolies in advanced foundries, EUV lithography, silicon wafers, materials/filtration, and differentiated foundry; photonics/substrate satellites."
AVGO,2026-10-08T23:18:48.097004+00:00,89104000000.0,1719175129507.3188,19.29402865760593,22.21517514095077,24.867713005741326,26.001429321006622,173928264520.0,0.9519692103609265,9.884391902902193,91773178586.4484,0.02995576614347728,-0.9220134442174492,0.044130005019642454,0.0,Forward Expectations Manageable,Needs 3% growth to look fairly valued by its own history; analysts expect 95% -- the bar is comfortably cleared if the forecast is anywhere close to right.,18.732871150233642,Historical Median Tactical Anchor (ROIC-adjusted),low,5,quarterly,0.687702011133058,0.48524196444604056,0.4294420003591309,,13.875802310654686,39403000000.0,0.44221359310468666,1.0297399712531035,Solid,USD,USD,1.0,,0.24378426000041764,,0.2001919385796545,0.04287252166717437,8450000000.0,12078000000.0,300000000.0,0.0306215360495381,^GSPC,0.1448588116429148,-0.11423727559337671,23.0,14.0,45779000000.0,0.02662846804509052,1250000000.0,Net income + D&A - maintenance capex,0.6371419881353584,0.7073303934939326,0.4635461334935149,High multiple expansion risk,"Market cap growth is outpacing revenue growth, but the current multiple is not at an extreme historical level.",0.19575590267276208,-0.06489482198964963,10.811652748373376,Poor,False,70.41281328323275,0.0,P/S growth-gap,Deep Undervalued,2.0,0.968902839356232,0.9519692103609265,0.02662846804509052,-0.00969483904978504,76.3,AI / SEMIS,0.1,"Layer 2: Architecture, Edge AI & Memory",0.00375,"Custom AI ASICs, EDA duopoly, edge AI silicon, factory robotics, and the memory/IP angle (Rambus, Penguin Solutions)."
CDNS,2026-10-08T23:18:48.097004+00:00,5837623000.0,96068093111.48071,16.456714164563337,17.37335261996718,17.542411730808883,17.93013429985776,7175543100.0,0.22918919224485723,13.388267866648409,6024451316.897658,0.032004176511168714,-0.19718501573368852,0.15266289109551529,0.0,Forward Expectations Manageable,Needs 3% growth to look fairly valued by its own history; analysts expect 23% -- the bar is comfortably cleared if the forecast is anywhere close to right.,15.94636391898869,Historical Median Tactical Anchor (ROIC-adjusted),low,5,quarterly,0.8587144116706406,0.308226481908818,0.23605395552265024,,14.368731233629337,1671720000.0,0.28636998312498085,1.2131547742588138,Solid,USD,USD,1.0,,0.14143248241855333,,0.23617218697938477,-0.0010720207349079747,1016254000.0,,2407684000.0,0.2049740806144753,^GSPC,0.1448588116429148,0.0601152689715605,10.0,0.0,1522152000.0,0.015844511436629044,183148000.0,Net income + D&A - maintenance capex,0.12633882737854263,0.1251313688010609,-0.016301113617492424,No bubble signal,Market cap growth has not materially outpaced revenue growth over the last 3 years.,0.26237800558947194,-0.08089463273182426,29.465841565052145,Weak / inconsistent,False,82.3949872926344,0.0,P/S growth-gap,Deep Undervalued,2.0,0.23469647920132855,0.22918919224485723,0.015844511436629044,-0.010337224480157725,74.8,AI / SEMIS,0.1,"Layer 2: Architecture, Edge AI & Memory",0.00375,"Custom AI ASICs, EDA duopoly, edge AI silicon, factory robotics, and the memory/IP angle (Rambus, Penguin Solutions)."
SNPS,2026-10-08T23:18:48.097004+00:00,9416465000.0,95387140546.5,10.129824785256464,9.524365363449494,10.768493458789413,12.65860725029448,11027647650.0,0.17110270680133155,8.649817583399122,12518831558.131382,0.3294619114637374,0.15835920466240583,1.802987490915652,48.06601283858447,Forward Expectations Elevated,"Needs 33% growth to look fairly valued; analysts expect 17% -- covers part of what's required, but the price still leans on the forecast coming through.",7.619492290759595,Historical Median Tactical Anchor (ROIC-adjusted),low,5,quarterly,0.7237516414068337,0.110306362313246,0.11432729798284176,,1.6644035477073702,2747706000.0,0.29179803673671595,2.552304146823351,Solid,USD,USD,1.0,,0.15186745455184925,,0.02210142440098557,0.06871459059075802,75000000.0,,1044026000.0,0.21355079860504245,^GSPC,0.1448588116429148,0.06869198696212764,21.0,0.0,2697068000.0,0.028274964366766128,190635000.0,Net income + D&A - maintenance capex,0.016924834092245877,0.08680240772846903,-0.06506504682338021,No bubble signal,Market cap growth has not materially outpaced revenue growth over the last 3 years.,0.1567627504250496,-0.19104775673101027,0.0,Poor,False,68.58337292581541,48.06601283858447,P/S growth-gap,Fair Value,1.0,0.11677234324737022,0.17110270680133155,0.028274964366766128,-0.08260532792072746,64.7,AI / SEMIS,0.1,"Layer 2: Architecture, Edge AI & Memory",0.00375,"Custom AI ASICs, EDA duopoly, edge AI silicon, factory robotics, and the memory/IP angle (Rambus, Penguin Solutions)."
8035.T,2026-10-08T23:18:48.097004+00:00,2443533000000.0,27689393373200.0,11.331704287685085,1.1318681064271032,1.5730936622347227,1.5839671891922738,4277437517400.0,0.7505135054038559,6.473360104165995,25482755396413.27,9.42865203638063,8.678138530976774,4.187388097506761,92.04007632789941,Forward Expectations Stretched,"Needs 943% growth to look fairly valued by its own history, but analysts only expect 75% -- the price is asking for more growth than is currently forecast. Mature-company read: owner earnings yield (2.1%) is blended 50/50 with the P/S growth-gap for the final classification, since revenue growth alone is a weak value driver here.",1.086593382170019,Historical Median Tactical Anchor (ROIC-adjusted),low,4,annual,0.45339269001073446,0.2557514058537372,0.23509156618715607,,,320291000000.0,0.13107701021430854,0.5575572630706723,Solid,JPY,JPY,1.0,,0.03420315714258004,,0.2964201797727331,-0.00971122159754012,150010000000.0,271618000000.0,,0.4878843941136204,^N225,0.3108045954490166,0.17707979866460377,1.0,1.0,574454000000.0,0.020746355554181348,81345000000.0,Net income + D&A - maintenance capex,0.5045757164320168,0.48996444823946783,0.4557612910968878,High multiple expansion risk,Market cap growth is far ahead of revenue growth while P/S is near historical highs -- multiple expansion is doing most of the work.,0.31337575749803354,-0.11745891354252747,40.0,Weak / inconsistent,True,76.94849382868739,84.4942850782934,Blended 50/50: P/S growth-gap + Owner Earnings Yield (mature-company mode),Very Expensive,0.5,0.46988975088409457,0.7505135054038559,0.020746355554181348,-0.30137011007394265,40.8,AI / SEMIS,0.1,"Layer 2: Architecture, Edge AI & Memory",0.00375,"Custom AI ASICs, EDA duopoly, edge AI silicon, factory robotics, and the memory/IP angle (Rambus, Penguin Solutions)."
QCOM,2026-10-08T23:18:48.097004+00:00,44069000000.0,187950425761.25238,4.264912427358288,4.126280336136858,4.241581115501835,4.259901557172529,44910753120.0,0.019100799201252627,4.184976040349518,49257223953.265,0.11772955940150664,0.09862876020025402,5.882426686525469,83.77569805038429,Forward Expectations Stretched,"Needs 12% growth to look fairly valued by its own history, but analysts only expect 2% -- the price is asking for more growth than is currently forecast. Mature-company read: owner earnings yield (4.9%) is blended 50/50 with the P/S growth-gap for the final classification, since revenue growth alone is a weak value driver here.",3.8156926167739127,Historical Median Tactical Anchor (ROIC-adjusted),low,5,quarterly,0.5422632689645783,0.2327713358596746,0.21010233951303636,,14.888243831640057,10416000000.0,0.2363566225691529,1.1249594988659684,Solid,USD,USD,1.0,,0.0006330832838727929,,0.20320031478506081,-0.014175615564357535,9250000000.0,3825000000.0,1605000000.0,0.39300095873803564,^GSPC,0.1448588116429148,0.24814214709512084,0.0,1.0,9259000000.0,0.04926299029384175,1573000000.0,Net income + D&A - maintenance capex,0.19106182265363647,0.17417778814231544,0.17354470485844264,Elevated multiple expansion,Market cap has grown somewhat faster than revenue over the last 3 years.,0.26850836630830044,-0.2437875651778245,31.182342566324124,Weak / inconsistent,True,45.26334411795361,64.51952108416896,Blended 50/50: P/S growth-gap + Owner Earnings Yield (mature-company mode),Expensive,0.75,0.033254056432132466,0.019100799201252627,0.04926299029384175,-0.03510973306296191,52.3,AI / SEMIS,0.1,"Layer 2: Architecture, Edge AI & Memory",0.00375,"Custom AI ASICs, EDA duopoly, edge AI silicon, factory robotics, and the memory/IP angle (Rambus, Penguin Solutions)."
MRAM,2026-10-08T23:18:48.097004+00:00,62471000.0,402992630.37241745,6.450875292094211,4.363235711380267,4.60841415215135,6.067357790541183,86200000.0,0.3798402458740855,4.675088519401594,115451197.52564739,0.8480766679843028,0.4682364221102173,1.907475205721642,55.211567513479096,Forward Expectations Stretched,"Needs 85% growth to look fairly valued by its own history, but analysts only expect 38% -- the price is asking for more growth than is currently forecast. Mature-company read: owner earnings yield (-0.7%) is blended 50/50 with the P/S growth-gap for the final classification, since revenue growth alone is a weak value driver here.",3.490588569104214,Historical Median Tactical Anchor (ROIC-adjusted),low,5,quarterly,0.5228185878247507,-0.15549615021369917,-0.042179571321092985,,,-7215000.0,-0.11549358902530775,2.7381404174573056,"Caution: unprofitable, cash burning",USD,USD,1.0,,-0.027318364122479788,,-0.18491296216371744,0.04089913865763295,,,,0.6974358191856971,^GSPC,0.1448588116429148,0.5525770075427823,2.0,1.0,-2635000.0,-0.006538581108952088,2924000.0,Net income + D&A - maintenance capex,0.16787174527596416,0.21563669372033756,0.24295505784281735,Elevated multiple expansion,Market cap growth is outpacing revenue growth and the current multiple is above its historical 75th percentile -- expansion risk is elevated.,-0.06869270264919869,-0.47845459044586097,0.0,Poor,True,100.0,77.60578375673956,Blended 50/50: P/S growth-gap + Owner Earnings Yield (mature-company mode),Very Expensive,0.5,0.22033602889150553,0.3798402458740855,-0.006538581108952088,-0.15296563587362785,15.8,AI / SEMIS,0.1,"Layer 2: Architecture, Edge AI & Memory",0.00375,"Custom AI ASICs, EDA duopoly, edge AI silicon, factory robotics, and the memory/IP angle (Rambus, Penguin Solutions)."
AMBA,2026-10-08T23:18:48.097004+00:00,417801000.0,2776025639.2484894,6.6443728934312976,7.947451047421649,8.483853890059887,8.732572341264415,499899660.0,0.1965018274250181,5.553165687787204,436622009.7934892,0.04504778541336485,-0.15145404201165324,0.24560804118578625,0.0,Forward Expectations Elevated,"Needs 5% growth to look fairly valued; analysts expect 20% -- covers part of what's required, but the price still leans on the forecast coming through. Mature-company read: owner earnings yield (-1.8%) is blended 50/50 with the P/S growth-gap for the final classification, since revenue growth alone is a weak value driver here.",6.35796083793732,Historical Median Tactical Anchor (ROIC-adjusted),low,5,quarterly,0.5852164068539807,-0.14896804938236147,-0.13481059164530482,,,9721000.0,0.02326705776194887,-0.17259072509054754,Watch: unprofitable,USD,USD,1.0,,0.04989328814131788,,-0.15626929207463958,0.035142801610509755,2441000.0,,,0.18036788345584087,^GSPC,0.1448588116429148,0.03550907181292606,7.0,4.0,-48881000.0,-0.017608266764147323,17605000.0,Net income + D&A - maintenance capex,0.05592137702094968,0.09302941248989316,0.04313612434857528,No bubble signal,Market cap growth has not materially outpaced revenue growth over the last 3 years.,-0.22791476813978928,-0.03922174656730992,0.0,Poor,True,100.0,50.0,Blended 50/50: P/S growth-gap + Owner Earnings Yield (mature-company mode),Fair Value,1.0,0.16452490816410278,0.1965018274250181,-0.017608266764147323,-0.014368652496767997,41.2,AI / SEMIS,0.1,"Layer 2: Architecture, Edge AI & Memory",0.00375,"Custom AI ASICs, EDA duopoly, edge AI silicon, factory robotics, and the memory/IP angle (Rambus, Penguin Solutions)."
PENG,2026-10-08T23:18:48.097004+00:00,1502705000.0,3667439951.7919693,2.440558826777025,0.8491117847829059,0.9903711751003823,1.6566340792004557,2726114000.0,0.8141378380986288,1.3452995552614342,5398935713.643449,2.5928114391337282,1.7786736010350994,2.1472680250010923,68.60019105860485,Forward Expectations Stretched,"Needs 259% growth to look fairly valued by its own history, but analysts only expect 81% -- the price is asking for more growth than is currently forecast. Mature-company read: owner earnings yield (3.8%) is blended 50/50 with the P/S growth-gap for the final classification, since revenue growth alone is a weak value driver here.",0.6792894278263248,Historical Median Tactical Anchor (ROIC-adjusted),low,5,quarterly,0.27933360173819877,0.07784096013522282,0.06444511730512642,,74.45703373647359,-69433000.0,-0.046205343031400045,-0.716971974969538,Watch: cash burning,USD,USD,1.0,,-0.006509426291418818,,0.06551844902940958,0.027583718669489166,71966000.0,11860000.0,,2.2355333173352894,^GSPC,0.1448588116429148,2.0906745056923746,7.0,0.0,137713000.0,0.03755017173020413,10222000.0,Net income + D&A - maintenance capex,0.4317797909184249,0.4712736018677788,0.4777830281591976,High multiple expansion risk,Market cap growth is far ahead of revenue growth while P/S is near historical highs -- multiple expansion is doing most of the work.,0.04944371529253544,-0.022352138694207768,0.0,Poor,True,58.277586966439856,63.43888901252235,Blended 50/50: P/S growth-gap + Owner Earnings Yield (mature-company mode),Expensive,0.75,0.6111325299900053,0.8141378380986288,0.03755017173020413,-0.2405554798388276,36.4,AI / SEMIS,0.1,"Layer 2: Architecture, Edge AI & Memory",0.00375,"Custom AI ASICs, EDA duopoly, edge AI silicon, factory robotics, and the memory/IP angle (Rambus, Penguin Solutions)."
NOW,2026-10-08T23:18:48.097004+00:00,14732000000.0,144482214500.0,9.807372692098832,11.37720111816077,14.224590716251107,15.754295431983813,19264107260.0,0.30763693049144725,7.500073195709564,12849791836.248064,-0.1277632476073809,-0.43540017809882814,0.0,0.0,Forward Expectations Manageable,Already trades at or below its historical valuation norm (needs 0% growth) -- 31% forecast growth would be upside on top of an already-fair price.,11.243934247434979,Historical Median Tactical Anchor (ROIC-adjusted),low,5,quarterly,0.7476920988324736,0.11403746945424925,0.11335867499321206,,20.240963855421686,4571000000.0,0.3102769481401032,2.737125748502994,Solid,USD,USD,1.0,,0.22376517864742618,,0.1211366085820979,0.010685774223744948,3406000000.0,,9784000000.0,0.43377447675989544,^GSPC,0.1448588116429148,0.28891566511698064,0.0,0.0,2004000000.0,0.01387021929955261,737000000.0,Net income + D&A - maintenance capex,0.07595302507379231,0.0874504161750862,-0.13631476247233998,No bubble signal,Market cap growth has not materially outpaced revenue growth over the last 3 years.,0.11097008729016523,0.07122973923406438,47.071624441246264,Moderate,False,84.58864522271932,0.0,P/S growth-gap,Deep Undervalued,2.0,0.37033305524114113,0.30763693049144725,0.01387021929955261,0.04882590545014128,79.7,AI / SEMIS,0.1,Layer 3: Velocity Applications,0.0075,Enterprise generative AI workflow automation and high-capacity mass storage for AI data exhaust.
STX,2026-10-08T23:18:48.097004+00:00,12195000000.0,176189794848.34363,14.447707654640723,5.834132101269825,8.280945988992812,12.465007805143173,25500047210.0,1.091024781467815,6.909390927686194,25166524598.976646,1.0636756538726235,0.06367565387262353,1.0452162414395347,5.9863788026729425,Forward Expectations Manageable,⚠ Analyst forward growth 109% is extreme; capped at 100% for growth-gap/burden math (displayed forward growth is unchanged). Needs 106% growth to look fairly valued by its own history; analysts expect 109% -- the bar is comfortably cleared if the forecast is anywhere close to right.,7.000958521523789,Historical Median Tactical Anchor (ROIC-adjusted),low,5,quarterly,0.45576055760557604,0.34653546535465357,0.2610906109061091,,14.880281690140846,3105000000.0,0.25461254612546125,0.9751884422110553,Solid,USD,USD,1.0,,0.18203419083564842,,0.8439018118484818,0.03057542145851766,176000000.0,634000000.0,15000000.0,0.5635684943005221,^GSPC,0.1448588116429148,0.41870968265760733,20.0,0.0,3184000000.0,0.0180714212349282,276000000.0,Net income + D&A - maintenance capex,1.3138696367517877,1.3846171760955408,1.2025829852598924,High multiple expansion risk,Market cap growth is far ahead of revenue growth while P/S is near historical highs -- multiple expansion is doing most of the work.,0.4749775852061413,0.8302261049817766,100.0,High & durable,False,79.920643072302,5.9863788026729425,P/S growth-gap,Deep Undervalued,2.0,0.9372869599927649,1.091024781467815,0.0180714212349282,-0.17180924270997822,65.6,AI / SEMIS,0.1,Layer 3: Velocity Applications,0.0075,Enterprise generative AI workflow automation and high-capacity mass storage for AI data exhaust.
VRSN,2026-10-08T23:18:48.097004+00:00,1707900000.0,26920216772.460938,15.762173881644673,14.108335402528596,15.448699049265164,15.982488708747647,1924408280.0,0.12676871011183333,13.9888281775949,1908107229.1232958,0.11722421050605769,-0.009544499605775636,0.9287266187648957,0.0,Forward Expectations Elevated,"Needs 12% growth to look fairly valued; analysts expect 13% -- covers part of what's required, but the price still leans on the forecast coming through. Mature-company read: owner earnings yield (3.2%) is blended 50/50 with the P/S growth-gap for the final classification, since revenue growth alone is a weak value driver here.",14.108335402528596,Historical Median Tactical Anchor,low,5,quarterly,0.8846536682475554,0.6786111599039757,0.4976872182212073,,15.270092226613965,1066100000.0,0.6242168745242695,1.2542352941176471,Solid,USD,USD,1.0,,0.05150438997980311,,,-0.04435693306387478,899900000.0,290900000.0,,0.10542145710842865,^GSPC,0.1448588116429148,-0.03943735453448616,1.0,0.0,850000000.0,0.031574782892147435,27000000.0,Net income + D&A - maintenance capex,0.13498689148560428,0.08464235391160191,0.0331379639317988,No bubble signal,Market cap growth has not materially outpaced revenue growth over the last 3 years.,,,,Insufficient data,True,64.91690789761397,32.458453948806984,Blended 50/50: P/S growth-gap + Owner Earnings Yield (mature-company mode),Undervalued,1.5,0.1233686540523139,0.12676871011183333,0.031574782892147435,-0.034974838951666865,65.1,AI / SEMIS,0.1,Layer 4: Vertical Software & Data Monopolies,0.0012500000000000002,"Toll-booth data monopolies: domain registry, supply-chain and logistics software, financial data, geospatial, and quality-certification infrastructure."
MANH,2026-10-08T23:18:48.097004+00:00,1126193000.0,12056302038.986938,10.70536048349345,9.134649048564329,11.177527861682718,11.185259267073688,1265021780.0,0.12327263621777074,9.530509458095606,1374836393.8789606,0.2207822228329963,0.09750958661522557,1.7161114939315123,44.16550633652402,Forward Expectations Elevated,"Needs 22% growth to look fairly valued; analysts expect 12% -- covers part of what's required, but the price still leans on the forecast coming through.",8.769263086621756,Historical Median Tactical Anchor (ROIC-adjusted),low,5,quarterly,0.5581032735952008,0.25064176388949316,0.18667581844319756,,,399191000.0,0.3544605587141813,1.8988027569411081,Solid,USD,USD,1.0,,0.12127827938739433,,5.154728003257855,-0.01273709152055258,435000000.0,,,0.548913848534059,^GSPC,0.1448588116429148,0.4040550368911442,1.0,1.0,210233000.0,0.01743760228635292,6657000.0,Net income + D&A - maintenance capex,-0.00011259649629291602,-0.012848253864967352,-0.13412653325236168,No bubble signal,Market cap growth has not materially outpaced revenue growth over the last 3 years.,4.893980663896392,-2.9310911275238904,40.0,Weak / inconsistent,False,80.62488634849676,44.16550633652402,P/S growth-gap,Fair Value,1.0,0.08042587909816823,0.12327263621777074,0.01743760228635292,-0.06028435940595541,62.7,AI / SEMIS,0.1,Layer 4: Vertical Software & Data Monopolies,0.0012500000000000002,"Toll-booth data monopolies: domain registry, supply-chain and logistics software, financial data, geospatial, and quality-certification infrastructure."
WTC.AX,2026-10-08T23:18:48.097004+00:00,1000195173.6980003,10849136263.96,10.847019211108286,31.22609947903064,32.935323567064145,33.96085801988425,2361710486.00741,1.3612496321847947,4.593762160196446,434297608.6096485,-0.5657871383202848,-1.5657871383202848,0.0,0.0,Forward Expectations Manageable,⚠ Historical P/S converts all past periods at TODAY's FX rate -- percentiles are approximate for foreign-currency reporters (material mainly for high-inflation currencies). ⚠ Analyst forward growth 136% is extreme; capped at 100% for growth-gap/burden math (displayed forward growth is unchanged). Already trades at or below its historical valuation norm (needs 0% growth) -- 136% forecast growth would be upside on top of an already-fair price.,24.980879583224514,Historical Median Tactical Anchor (ROIC-adjusted),low,3,annual,0.8401651147163294,0.329749448017664,0.25227992704233543,-0.041219918989756785,21.7405063291135,167501052.73008,0.24056830181434205,0.9535768645357661,Solid,USD,AUD,1.4364999532699585,Revenue converted from USD to AUD at 1.436 to match the share price currency.,,,0.11209573278916884,,45518043.459371,35291522.682156,29877482.270689,-0.2531183198731335,^AXJO,-0.00012597486477006203,-0.25299234500836343,8.0,6.0,,,,,-0.19492676476071746,-0.19492676476071746,,Insufficient data,,0.1288017723135794,-0.057373949043007105,0.0,Poor,False,,0.0,P/S growth-gap,Deep Undervalued,2.0,1.795588937667046,1.3612496321847947,0.0,0.43433930548225125,91.6,AI / SEMIS,0.1,Layer 4: Vertical Software & Data Monopolies,0.0012500000000000002,"Toll-booth data monopolies: domain registry, supply-chain and logistics software, financial data, geospatial, and quality-certification infrastructure."
DSGX,2026-10-08T23:18:48.097004+00:00,775167000.0,6959374656.0132675,8.97790367238707,8.502694286039727,9.963012749301496,11.671246482541429,937039590.0,0.20882286010627382,7.426980386189731,906321512.7744118,0.16919517055603728,-0.039627689550236544,0.8242449819020927,0.0,Forward Expectations Manageable,Needs 17% growth to look fairly valued by its own history; analysts expect 21% -- the bar is comfortably cleared if the forecast is anywhere close to right.,7.678704033747782,Historical Median Tactical Anchor (ROIC-adjusted),low,5,quarterly,0.7760817991477965,0.3196653108297954,0.24253870456301674,,257.04771784232366,298515000.0,0.3850976628262039,1.5877781796519297,Solid,USD,USD,1.0,,0.1446990636795522,,0.13084350864621366,0.004701303270522317,45110000.0,,96190000.0,0.2084075882783396,^GSPC,0.1448588116429148,0.0635487766354248,4.0,1.0,263781000.0,0.037902974482352275,7198000.0,Net income + D&A - maintenance capex,0.03172376485112638,0.03657421116109649,-0.10812485251845572,No bubble signal,Market cap growth has not materially outpaced revenue growth over the last 3 years.,0.12974706567796598,0.005739156071564028,25.77267203276889,Weak / inconsistent,False,57.88558390849747,0.0,P/S growth-gap,Deep Undervalued,2.0,0.1984889006655034,0.20882286010627382,0.037902974482352275,-0.048236933923122706,83.0,AI / SEMIS,0.1,Layer 4: Vertical Software & Data Monopolies,0.0012500000000000002,"Toll-booth data monopolies: domain registry, supply-chain and logistics software, financial data, geospatial, and quality-certification infrastructure."
FDS,2026-10-08T23:18:48.097004+00:00,2438459000.0,10190238989.625275,4.178966712019876,4.521402219411322,5.802199172286909,6.4301673828471975,2774904180.0,0.13797450767062314,3.6722849974680116,2252280576.0948825,-0.07635085269226072,-0.21432536036288385,0.0,0.0,Forward Expectations Manageable,"Already trades at or below its historical valuation norm (needs 0% growth) -- 14% forecast growth would be upside on top of an already-fair price. Mature-company read: owner earnings yield (6.4%) is blended 50/50 with the P/S growth-gap for the final classification, since revenue growth alone is a weak value driver here.",4.524409213390999,Historical Median Tactical Anchor (ROIC-adjusted),low,5,quarterly,0.5138249197546483,0.2955366483504541,0.23210150344951463,,13.55326111487249,708307000.0,0.29047320459355686,1.2514921285580507,Solid,USD,USD,1.0,,0.07984113351802002,,0.1818713425791221,-0.003507169621773887,612619000.0,164328000.0,25000000.0,0.2961518579014575,^GSPC,0.1448588116429148,0.15129304625854267,2.0,3.0,653211000.0,0.06410163693560444,121285000.0,Net income + D&A - maintenance capex,-0.1303250269421632,-0.13337512458848866,-0.21321625810650868,No bubble signal,Market cap growth has not materially outpaced revenue growth over the last 3 years.,0.17893798361980942,0.02343938174278626,50.16626445921839,Moderate,True,28.775958960439507,14.387979480219753,Blended 50/50: P/S growth-gap + Owner Earnings Yield (mature-company mode),Deep Undervalued,2.0,0.22963020483021665,0.13797450767062314,0.06410163693560444,0.027554060223989058,78.3,AI / SEMIS,0.1,Layer 4: Vertical Software & Data Monopolies,0.0012500000000000002,"Toll-booth data monopolies: domain registry, supply-chain and logistics software, financial data, geospatial, and quality-certification infrastructure."
KXS.TO,2026-10-08T23:18:48.097004+00:00,860577653.9196968,4850318339.658325,5.63611931772391,5.8766785886551,5.924243003420069,6.789147625819758,1022915559.3763733,0.18863829977140534,4.741660536100704,867501316.5706453,0.008045366527254183,-0.18059293324415115,0.04637029616287802,0.0,Forward Expectations Manageable,⚠ Historical P/S converts all past periods at TODAY's FX rate -- percentiles are approximate for foreign-currency reporters (material mainly for high-inflation currencies). Needs 1% growth to look fairly valued by its own history; analysts expect 19% -- the bar is comfortably cleared if the forecast is anywhere close to right.,5.5911365746767,Historical Median Tactical Anchor (ROIC-adjusted),low,5,quarterly,0.6615559313125102,0.17674185662503036,0.1463766175593098,,,136442000.0,0.2255235941758774,1.5407077847286523,Solid,USD,CAD,1.4224400520324707,Revenue converted from USD to CAD at 1.422 to match the share price currency.,0.14311488700669917,,0.18907705237016448,-0.001878740887558572,162595000.0,,,0.2650687029607699,^GSPC,0.1448588116429148,0.12020989131785509,8.0,0.0,144393312.12186813,0.02976986292657231,8334076.264858246,Net income + D&A - maintenance capex,0.062446995756833656,0.060450933145041574,-0.08266395386165759,No bubble signal,Market cap growth has not materially outpaced revenue growth over the last 3 years.,0.07804552385836645,0.12616764976249642,37.852746680342605,Weak / inconsistent,False,66.92237452603077,0.0,P/S growth-gap,Deep Undervalued,2.0,0.21574777762854677,0.18863829977140534,0.02976986292657231,-0.002660385069430856,79.6,AI / SEMIS,0.1,Layer 4: Vertical Software & Data Monopolies,0.0012500000000000002,"Toll-booth data monopolies: domain registry, supply-chain and logistics software, financial data, geospatial, and quality-certification infrastructure."
TRMB,2026-10-08T23:18:48.097004+00:00,3782900000.0,13951724056.45005,3.688102793214214,5.108235120625753,5.5352013603089345,5.563899267751605,4240042000.0,0.1208443257818077,3.290468362447837,3414027478.9125657,-0.09751051338587702,-0.21835483916768472,0.0,0.0,Forward Expectations Elevated,"Already trades at or below its historical valuation norm (needs 0% growth) -- 12% forecast growth would be upside on top of an already-fair price. Mature-company read: owner earnings yield (0.5%) is blended 50/50 with the P/S growth-gap for the final classification, since revenue growth alone is a weak value driver here.",4.086588096500602,Historical Median Tactical Anchor (ROIC-adjusted),low,5,quarterly,0.6979830288931772,0.17684844960215707,-0.02767717888392503,,8.38345864661654,773100000.0,0.2043670200111026,-7.383954154727793,Solid,USD,USD,1.0,,-0.008135718177214146,,0.07294862323092878,-0.014937837280874056,524400000.0,,229600000.0,-0.10323643407529592,^GSPC,0.1448588116429148,-0.24809524571821073,12.0,0.0,71400000.0,0.005117647088711658,26000000.0,Net income + D&A - maintenance capex,0.05234286754006878,0.036623141021066896,0.04475885919828104,No bubble signal,Market cap growth has not materially outpaced revenue growth over the last 3 years.,0.06220786234436413,-0.006168845959417316,0.0,Poor,True,94.31372545698704,47.15686272849352,Blended 50/50: P/S growth-gap + Owner Earnings Yield (mature-company mode),Fair Value,1.0,0.16197735581298744,0.1208443257818077,0.005117647088711658,0.03601538294246809,49.0,AI / SEMIS,0.1,Layer 4: Vertical Software & Data Monopolies,0.0012500000000000002,"Toll-booth data monopolies: domain registry, supply-chain and logistics software, financial data, geospatial, and quality-certification infrastructure."
IKTSY,2026-10-08T23:18:48.097004+00:00,4539874101.448059,11985451143.105,2.6400404229892773,1.941660234387307,2.014679414224429,2.028524931084252,4998989481.694522,0.10112954015619535,2.3975747872632565,6201541591.95054,0.36601620515698174,0.2648866650007864,3.237595299508919,72.3702014470038,Forward Expectations Stretched,"⚠ Historical P/S converts all past periods at TODAY's FX rate -- percentiles are approximate for foreign-currency reporters (material mainly for high-inflation currencies). Needs 37% growth to look fairly valued by its own history, but analysts only expect 10% -- the price is asking for more growth than is currently forecast. Mature-company read: owner earnings yield (4.4%) is blended 50/50 with the P/S growth-gap for the final classification, since revenue growth alone is a weak value driver here.",1.93265673790882,Historical Median Tactical Anchor (ROIC-adjusted),low,4,annual,,0.15803123907215294,0.1000990791467537,1.770232183599517,11.112704918032787,392000000.0,0.11423242802191398,1.1411935953420669,Solid,GBP,USD,1.3229613304138184,Revenue converted from GBP to USD at 1.323 to match the share price currency.,0.024323447383994612,,0.16620013682250237,-0.01631432392228882,367900000.0,252200000.0,160600000.0,0.6129291091146349,^GSPC,0.1448588116429148,0.46807029747172013,0.0,1.0,531698158.6933136,0.04436196454725773,191167912.24479675,Net income + D&A - maintenance capex,0.17905059340986917,0.15981518010821372,0.1354917327242191,Mild multiple expansion,Market cap has grown somewhat faster than revenue over the last 3 years.,0.1706446389058829,0.02510041465400159,48.84074768604817,Moderate,True,50.708928280824736,61.539564863914265,Blended 50/50: P/S growth-gap + Owner Earnings Yield (mature-company mode),Expensive,0.75,0.05617675041400956,0.10112954015619535,0.04436196454725773,-0.08931475428944351,54.3,AI / SEMIS,0.1,Layer 4: Vertical Software & Data Monopolies,0.0012500000000000002,"Toll-booth data monopolies: domain registry, supply-chain and logistics software, financial data, geospatial, and quality-certification infrastructure."
POWERINDIA.NS,2026-10-08T23:18:48.097004+00:00,85994300000.0,1378846049405.0,16.034156326698398,13.60047811774107,14.109286744234275,15.294558016465338,162252608500.0,0.8867832926135801,8.498144110915788,93024908459.72318,0.0817566799162639,-0.8050266126973162,0.12378258884075874,0.0,Forward Expectations Manageable,Needs 8% growth to look fairly valued by its own history; analysts expect 89% -- the bar is comfortably cleared if the forecast is anywhere close to right.,14.822331698418134,Historical Median Tactical Anchor (ROIC-adjusted),low,5,quarterly,0.3834928594104493,0.148143539746239,0.1183369130279565,,96.51136363636364,7350000000.0,0.08547078120294019,0.7222664426166682,Solid,INR,INR,1.0,,0.22244656507420335,,0.33769159797215376,0.016941211186823013,,266500000.0,,,,,,0.0,1.0,10176300000.0,0.0073803018142535055,1042500000.0,Net income + D&A - maintenance capex,0.9957329265838333,1.0295430595655866,0.8070964944913832,High multiple expansion risk,Market cap growth is far ahead of revenue growth while P/S is near historical highs -- multiple expansion is doing most of the work.,0.20164197919178992,0.2279715627390374,72.45975417370117,High & durable,False,91.79966465082944,0.0,P/S growth-gap,Deep Undervalued,2.0,0.8689710283501607,0.8867832926135801,0.0073803018142535055,-0.02519256607767299,70.6,EM,0.07,"Layer 1: India -- Grid, Manufacturing & Consumption",0.0021875,"India capex/EMS super-cycle, sub-clustered: grid & electrification, electronics manufacturing, resources/logistics, quality consumption."
CGPOWER.NS,2026-10-08T23:18:48.097004+00:00,127759700000.0,1358132455773.45,10.630366663145342,8.744540311361488,9.165227574567346,10.267684215642984,200930004420.0,0.5727181921998878,6.759231702073587,178047024832.42352,0.39360866401865,-0.17910952818123782,0.7329782370751956,0.0,Forward Expectations Manageable,Needs 39% growth to look fairly valued by its own history; analysts expect 57% -- the bar is comfortably cleared if the forecast is anywhere close to right.,7.62794243291464,Historical Median Tactical Anchor (ROIC-adjusted),low,5,quarterly,0.3094449971313333,0.11304816777121424,0.09647486648763264,,102.87037037037037,-753100000.0,-0.005894660053209267,-0.06110047381060557,Watch: cash burning,INR,INR,1.0,,0.2121582588674089,,0.13655475676156217,0.010324323318879669,,2047400000.0,3143500000.0,,,,,0.0,1.0,12325600000.0,0.009075403468640789,1955900000.0,Net income + D&A - maintenance capex,0.29055476885684395,0.3038788735512441,0.09172061468383519,Mild multiple expansion,Market cap has grown somewhat faster than revenue over the last 3 years.,0.2217045886950976,-0.5066101407083428,18.07728483462732,Poor,False,89.9162183681769,0.0,P/S growth-gap,Deep Undervalued,2.0,0.4876474473316804,0.5727181921998878,0.009075403468640789,-0.0941461483368482,65.6,EM,0.07,"Layer 1: India -- Grid, Manufacturing & Consumption",0.0021875,"India capex/EMS super-cycle, sub-clustered: grid & electrification, electronics manufacturing, resources/logistics, quality consumption."
DIXON.NS,2026-10-08T23:18:48.097004+00:00,495654200000.0,769143946450.0,1.5517753031246382,1.6095236191575288,1.9198423623565435,1.954289952461989,980591753930.0,0.9783787849068968,0.78436713685123,422668400662.08,-0.14725144937321222,-1.125630234280109,0.0,0.0,Forward Expectations Manageable,Already trades at or below its historical valuation norm (needs 0% growth) -- 98% forecast growth would be upside on top of an already-fair price.,1.819733732744607,Historical Median Tactical Anchor (ROIC-adjusted),low,5,quarterly,0.0695759261194599,0.02753250148995005,0.02889232049279518,,11.073190522557612,7857400000.0,0.015852584321892158,0.5486781280113961,Solid,INR,INR,1.0,,0.5857039335745311,,0.24385606664556128,0.006901689381575649,,2256600000.0,,,,,,0.0,3.0,14320600000.0,0.01861888150598731,4080000000.0,Net income + D&A - maintenance capex,0.364534341120331,0.3739519332932366,-0.21175200028129448,No bubble signal,Market cap growth has not materially outpaced revenue growth over the last 3 years.,0.24645647243343996,0.04607195126975622,82.65098304321691,High & durable,False,79.31235388223632,0.0,P/S growth-gap,Deep Undervalued,2.0,1.0545572089317894,0.9783787849068968,0.01861888150598731,0.057559542518905195,84.1,EM,0.07,"Layer 1: India -- Grid, Manufacturing & Consumption",0.0021875,"India capex/EMS super-cycle, sub-clustered: grid & electrification, electronics manufacturing, resources/logistics, quality consumption."
KAYNES.NS,2026-10-08T23:18:48.097004+00:00,36661530000.0,217330313403.0,5.928020827363179,7.566814185053221,7.804185651500751,10.260645792278899,70213848080.0,0.9151914303631081,3.095262819883892,35901884876.51349,-0.020720497030170648,-0.9359119273932788,0.0,0.0,Forward Expectations Manageable,Already trades at or below its historical valuation norm (needs 0% growth) -- 92% forecast growth would be upside on top of an already-fair price.,6.053451348042577,Historical Median Tactical Anchor (ROIC-adjusted),low,5,quarterly,0.3478032695307588,0.12170632267665861,0.08153042167089045,,3.3984340487760294,-18407050000.0,-0.5020807914999729,-6.158201824672218,Watch: cash burning,INR,INR,1.0,,0.4767124842631232,,0.0618541099405857,0.04858079717197605,,,290660000.0,,,,,3.0,14.0,2989030000.0,0.013753396630213206,1070680000.0,Net income + D&A - maintenance capex,0.0967801043586134,0.15006255615071784,-0.32664992811240534,No bubble signal,Market cap growth has not materially outpaced revenue growth over the last 3 years.,0.06898239105343285,-0.043068323985980664,0.0,Poor,False,84.71844818865199,0.0,P/S growth-gap,Deep Undervalued,2.0,0.9359978004523227,0.9151914303631081,0.013753396630213206,0.0070529734590013176,72.6,EM,0.07,"Layer 1: India -- Grid, Manufacturing & Consumption",0.0021875,"India capex/EMS super-cycle, sub-clustered: grid & electrification, electronics manufacturing, resources/logistics, quality consumption."
HFCL.NS,2026-10-08T23:18:48.097004+00:00,58209100000.0,395282406789.53,6.790732149947861,3.555701711215967,3.640255139611372,4.836033774321222,73740000000.0,0.2668122338259826,5.360488293863982,138960758977.1474,1.3872686397341205,1.1204564059081379,3.6792232424517275,80.76708243926576,Forward Expectations Stretched,"Needs 139% growth to look fairly valued by its own history, but analysts only expect 27% -- the price is asking for more growth than is currently forecast. Mature-company read: owner earnings yield (1.2%) is blended 50/50 with the P/S growth-gap for the final classification, since revenue growth alone is a weak value driver here.",2.844561368972774,Historical Median Tactical Anchor (ROIC-adjusted),low,5,quarterly,0.35934587547307895,0.1395984476653994,0.081169439142677,,3.335207683467411,-7234400000.0,-0.12428297293722115,-1.531154757873349,Watch: cash burning,INR,INR,1.0,,0.013439752865893606,,0.07250655459461859,0.03596013959430033,,144200000.0,30000000.0,,,,,0.0,0.0,4724800000.0,0.011952973162591933,1584600000.0,Net income + D&A - maintenance capex,0.5349161852967852,0.5901119855856085,0.5766722327197149,High multiple expansion risk,Market cap growth is far ahead of revenue growth while P/S is near historical highs -- multiple expansion is doing most of the work.,0.06669603467387043,-0.028097509896419987,0.0,Poor,True,86.71891870823119,83.74300057374847,Blended 50/50: P/S growth-gap + Owner Earnings Yield (mature-company mode),Very Expensive,0.5,0.08506146028209774,0.2668122338259826,0.011952973162591933,-0.1937037467064768,27.2,EM,0.07,"Layer 1: India -- Grid, Manufacturing & Consumption",0.0021875,"India capex/EMS super-cycle, sub-clustered: grid & electrification, electronics manufacturing, resources/logistics, quality consumption."
CONCOR.NS,2026-10-08T23:18:48.097004+00:00,90851000000.0,330542183790.0,3.638288888289617,4.376394817632252,4.43159394573944,4.891439976078732,126953730350.0,0.3973839622018469,2.603642940453384,92741456192.73444,0.020808314633129266,-0.37657564756871764,0.06155009697187049,0.0,Forward Expectations Elevated,"Needs 2% growth to look fairly valued; analysts expect 40% -- covers part of what's required, but the price still leans on the forecast coming through. Mature-company read: owner earnings yield (3.8%) is blended 50/50 with the P/S growth-gap for the final classification, since revenue growth alone is a weak value driver here.",3.5641254446454913,Historical Median Tactical Anchor (ROIC-adjusted),low,5,quarterly,0.3282682634203256,0.1494590043037501,0.1367073560004843,,16.89288380194078,3332100000.0,0.03667653630669998,0.2682850241545894,Solid,INR,INR,1.0,,0.04061576486842511,,0.07624590132944303,0.0,,6973600000.0,,,,,,9.0,3.0,12420000000.0,0.037574629227628845,6155300000.0,Net income + D&A - maintenance capex,-0.13766467203052113,-0.13766467203052113,-0.17828043689894624,No bubble signal,Market cap growth has not materially outpaced revenue growth over the last 3 years.,0.07831807877604303,-0.007216102618283454,3.5994004863219757,Poor,True,58.250411969301275,29.125205984650638,Blended 50/50: P/S growth-gap + Owner Earnings Yield (mature-company mode),Undervalued,1.5,0.42816387318680293,0.3973839622018469,0.037574629227628845,-0.006794718242672822,71.2,EM,0.07,"Layer 1: India -- Grid, Manufacturing & Consumption",0.0021875,"India capex/EMS super-cycle, sub-clustered: grid & electrification, electronics manufacturing, resources/logistics, quality consumption."
SUNPHARMA.NS,2026-10-08T23:18:48.097004+00:00,589984400000.0,4222349680206.0,7.156714110078164,7.466689461459607,7.7261479743115675,7.831774952390568,729436502990.0,0.23636574626379958,5.788508887200405,641688370467.5066,0.08763616540963892,-0.14872958085416066,0.39592883287988884,0.0,Forward Expectations Elevated,"Needs 9% growth to look fairly valued; analysts expect 24% -- covers part of what's required, but the price still leans on the forecast coming through. Mature-company read: owner earnings yield (2.7%) is blended 50/50 with the P/S growth-gap for the final classification, since revenue growth alone is a weak value driver here.",6.580062651174085,Historical Median Tactical Anchor (ROIC-adjusted),low,5,quarterly,0.8046709370620647,0.232942599838233,0.1907891123900903,,40.57407298063297,88098100000.0,0.14932276175437859,0.782658716127737,Solid,INR,INR,1.0,,0.10390670085310827,,0.13259172000676459,0.0,38000000.0,39339000000.0,34051300000.0,,,,,11.0,15.0,112562600000.0,0.026658758398832638,29378500000.0,Net income + D&A - maintenance capex,0.17509024989435518,0.17509024989435518,0.07118354904124691,Mild multiple expansion,Market cap has grown somewhat faster than revenue over the last 3 years.,0.1489269440829024,-0.012309365397195987,20.313925104895084,Weak / inconsistent,True,70.3791573346304,35.1895786673152,Blended 50/50: P/S growth-gap + Owner Earnings Yield (mature-company mode),Fair Value,1.0,0.23616620768282917,0.23636574626379958,0.026658758398832638,-0.02685829697980306,64.4,EM,0.07,"Layer 1: India -- Grid, Manufacturing & Consumption",0.0021875,"India capex/EMS super-cycle, sub-clustered: grid & electrification, electronics manufacturing, resources/logistics, quality consumption."
HCLTECH.NS,2026-10-08T23:18:48.097004+00:00,1327810000000.0,3184416845706.6,2.398247374026856,2.988069522381831,3.334047907508904,3.5308233194592535,1508629623350.0,0.13617883835036637,2.1108009523473474,966255419047.191,-0.2722939132502459,-0.40847275160061225,0.0,0.0,Forward Expectations Manageable,"⚠ Yahoo tags this ticker's financials as USD vs. a INR share price, but converting at 96.78 produces an implausible P/S (0.02x) while leaving the figures unconverted gives a plausible one (2.40x) -- treating USD currency tag as incorrect and using unconverted figures. Already trades at or below its historical valuation norm (needs 0% growth) -- 14% forecast growth would be upside on top of an already-fair price.",3.2956263767676486,Historical Median Tactical Anchor (ROIC-adjusted),low,5,quarterly,0.41561669214721986,0.32105497021411195,0.12826383292790383,,57.764227642276424,185530000000.0,0.1397263162651283,1.0893664494157713,Solid,USD,INR,,"Yahoo tags this ticker's financials as USD vs. a INR share price, but converting at 96.78 produces an implausible P/S (0.02x) while leaving the figures unconverted gives a plausible one (2.40x) -- treating USD currency tag as incorrect and using unconverted figures.",0.08654772035396308,,0.42614021319923423,-0.00019681419991934845,7110000000.0,146180000000.0,1590000000.0,,,,,3.0,2.0,,,,,0.02523461226417867,0.0250328315342363,-0.061514888819726776,No bubble signal,Market cap growth has not materially outpaced revenue growth over the last 3 years.,0.4105934281854986,0.009553449710882789,75.73206982652967,High & durable,True,,0.0,P/S growth-gap,Deep Undervalued,2.0,0.26090589423562843,0.13617883835036637,0.0,0.12472705588526208,81.0,EM,0.07,"Layer 1: India -- Grid, Manufacturing & Consumption",0.0021875,"India capex/EMS super-cycle, sub-clustered: grid & electrification, electronics manufacturing, resources/logistics, quality consumption."
ABB.NS,2026-10-08T23:18:48.097004+00:00,130887900000.0,1434619698750.0,10.960674735785355,10.201962670592824,10.342967150397328,10.810370667530089,174153038070.0,0.3305510904369311,8.237695504188457,159192223407.86768,0.21624858682787074,-0.11430250360906036,0.6854896603549082,0.0,Forward Expectations Manageable,Needs 22% growth to look fairly valued by its own history; analysts expect 33% -- the bar is comfortably cleared if the forecast is anywhere close to right.,9.011870479843411,Historical Median Tactical Anchor (ROIC-adjusted),low,5,quarterly,0.3774863833860884,0.1257770962785712,0.22389693776124456,,109.38671096345514,9795600000.0,0.07483961466262351,0.3342592150252172,Solid,INR,INR,1.0,,0.15414610570979437,,0.2204989657067256,0.0,,9151500000.0,0.0,,,,,4.0,18.0,29305400000.0,0.020427295139983172,1455300000.0,Net income + D&A - maintenance capex,0.2034864516395869,0.2034864516395869,0.04934034592979253,No bubble signal,Market cap growth has not materially outpaced revenue growth over the last 3 years.,0.23155959043863894,-0.18204230535815225,20.83668532281891,Weak / inconsistent,False,77.3030054000187,0.0,P/S growth-gap,Deep Undervalued,2.0,0.2917118318011289,0.3305510904369311,0.020427295139983172,-0.059266553775785345,76.1,EM,0.07,"Layer 1: India -- Grid, Manufacturing & Consumption",0.0021875,"India capex/EMS super-cycle, sub-clustered: grid & electrification, electronics manufacturing, resources/logistics, quality consumption."
SIEMENS.NS,2026-10-08T23:18:48.097004+00:00,183331000000.0,1295922517695.0,7.0687582443503825,6.145691521599565,6.710440524429921,6.7855799625785185,240195086360.0,0.3101716914215271,5.39529154127947,242001372955.45544,0.3200242891570735,0.009852597735546365,1.02773170232207,3.07870310766023,Forward Expectations Elevated,"Needs 32% growth to look fairly valued; analysts expect 31% -- covers part of what's required, but the price still leans on the forecast coming through. Mature-company read: owner earnings yield (2.5%) is blended 50/50 with the P/S growth-gap for the final classification, since revenue growth alone is a weak value driver here.",5.355021344996819,Historical Median Tactical Anchor (ROIC-adjusted),low,5,quarterly,0.28404906971543276,0.08831566947215692,0.1786550010636499,,51.72843450479233,-57000000.0,-0.00031091304798424707,-0.0017402985986016547,Watch: cash burning,INR,INR,1.0,,0.03036545984675154,,0.1138698862671168,2.3400329718370472e-07,,4278000000.0,0.0,,,,,1.0,14.0,32753000000.0,0.025273887561006587,2950000000.0,Net income + D&A - maintenance capex,0.22769760224045243,0.22769788952573933,0.1973324296789878,Elevated multiple expansion,Market cap has grown somewhat faster than revenue over the last 3 years.,0.11415978065161377,-0.00021389230212824628,17.836403201174907,Poor,True,71.91790270999267,37.49830290882645,Blended 50/50: P/S growth-gap + Owner Earnings Yield (mature-company mode),Fair Value,1.0,0.25463285157395166,0.3101716914215271,0.025273887561006587,-0.08081272740858203,46.6,EM,0.07,"Layer 1: India -- Grid, Manufacturing & Consumption",0.0021875,"India capex/EMS super-cycle, sub-clustered: grid & electrification, electronics manufacturing, resources/logistics, quality consumption."
PIIND.NS,2026-10-08T23:18:48.097004+00:00,65155000000.0,318582889800.0,4.889615375642698,7.174691867326064,7.234033315707559,7.907761160430046,85780000000.0,0.31655283554600566,3.7139530170202844,55504629273.84446,-0.148114046905925,-0.46466688245193066,0.0,0.0,Forward Expectations Elevated,"Already trades at or below its historical valuation norm (needs 0% growth) -- 32% forecast growth would be upside on top of an already-fair price. Mature-company read: owner earnings yield (3.7%) is blended 50/50 with the P/S growth-gap for the final classification, since revenue growth alone is a weak value driver here.",5.739753493860851,Historical Median Tactical Anchor (ROIC-adjusted),low,5,quarterly,0.5762873148645538,0.17855882127235054,0.1788043895326529,,57.029411764705884,-6438000000.0,-0.09881052873916046,-0.552618025751073,Watch: cash burning,INR,INR,1.0,,0.010809412788225226,,0.09393430533976233,6.727945518947287e-05,,2278000000.0,0.0,,,,,0.0,18.0,11650000000.0,0.036568191114449485,4066000000.0,Net income + D&A - maintenance capex,-0.13154514823659358,-0.13148671906731024,-0.14229613185553547,No bubble signal,Market cap growth has not materially outpaced revenue growth over the last 3 years.,0.14666931260934854,-0.08390109507330754,0.0,Poor,True,59.368676539500576,29.684338269750288,Blended 50/50: P/S growth-gap + Owner Earnings Yield (mature-company mode),Undervalued,1.5,0.41107637712646933,0.31655283554600566,0.036568191114449485,0.05795535046601419,58.8,EM,0.07,"Layer 1: India -- Grid, Manufacturing & Consumption",0.0021875,"India capex/EMS super-cycle, sub-clustered: grid & electrification, electronics manufacturing, resources/logistics, quality consumption."
STLTECH.NS,2026-10-08T23:18:48.097004+00:00,56270000000.0,519994796351.14996,9.241066222696817,1.3582159030617331,1.8201847373943671,3.7302580992557837,127792000000.0,1.2710502932290741,4.069071587823572,478564191432.08496,7.504783924508352,6.504783924508352,3.088274582743429,86.67516599999232,Forward Expectations Stretched,"⚠ Analyst forward growth 127% is extreme; capped at 100% for growth-gap/burden math (displayed forward growth is unchanged). Needs 750% growth to look fairly valued by its own history, but analysts only expect 127% -- the price is asking for more growth than is currently forecast. Mature-company read: owner earnings yield (0.7%) is blended 50/50 with the P/S growth-gap for the final classification, since revenue growth alone is a weak value driver here.",1.0865727224493866,Historical Median Tactical Anchor (ROIC-adjusted),low,5,quarterly,0.49333570286120493,0.09436644748533855,0.04425093300159943,,2.3705357142857144,3270000000.0,0.058112671050293226,1.3132530120481927,Solid,INR,INR,1.0,,-0.11773602342129108,,0.03665691951914073,0.06996558920662777,0.0,410000000.0,20000000.0,,,,,2.0,0.0,3690000000.0,0.007096224858196775,1930000000.0,Net income + D&A - maintenance capex,0.8532901399832729,0.9829566765980362,1.1006927000193274,High multiple expansion risk,Market cap growth is far ahead of revenue growth while P/S is near historical highs -- multiple expansion is doing most of the work.,0.030292909466932052,-0.05442375019166598,0.0,Poor,True,92.1153057131147,89.39523585655351,Blended 50/50: P/S growth-gap + Owner Earnings Yield (mature-company mode),Very Expensive,0.5,0.9840068122807654,1.2710502932290741,0.007096224858196775,-0.2941397058065055,29.6,EM,0.07,"Layer 1: India -- Grid, Manufacturing & Consumption",0.0021875,"India capex/EMS super-cycle, sub-clustered: grid & electrification, electronics manufacturing, resources/logistics, quality consumption."
PRECWIRE.NS,2026-10-08T23:18:48.097004+00:00,60769092000.0,90151752871.25,1.4835132450432202,0.9253407651423238,1.0122837967794605,1.1271218181702418,89032000000.0,0.46508688989461944,1.0125769708784482,103150117939.84035,0.6974108801862688,0.2323239902916494,1.3853991076217103,33.312355297582805,Forward Expectations Elevated,"Needs 70% growth to look fairly valued; analysts expect 47% -- covers part of what's required, but the price still leans on the forecast coming through.",0.8739859407996866,Historical Median Tactical Anchor (ROIC-adjusted),low,5,quarterly,0.08760631144529854,0.050239223584252334,0.02873748714231241,,4.330638675130324,-206850000.0,-0.003403868532378269,-0.11844697887194498,Watch: cash burning,INR,INR,1.0,,0.2273742214112866,,0.18490460394183963,0.0076837231695756625,,217295000.0,,,,,,1.0,0.0,1746351000.0,0.019371237323516567,273688000.0,Net income + D&A - maintenance capex,0.5807787290479294,0.5929249951942874,0.3655507737830008,High multiple expansion risk,Market cap growth is far ahead of revenue growth while P/S is near historical highs -- multiple expansion is doing most of the work.,0.180374920550769,-0.0006325811498538447,36.12542906430301,Weak / inconsistent,False,78.47640297387048,33.312355297582805,P/S growth-gap,Undervalued,1.5,0.3475023105039694,0.46508688989461944,0.019371237323516567,-0.13695581671416665,55.2,EM,0.07,"Layer 1: India -- Grid, Manufacturing & Consumption",0.0021875,"India capex/EMS super-cycle, sub-clustered: grid & electrification, electronics manufacturing, resources/logistics, quality consumption."
MTARTECH.NS,2026-10-08T23:18:48.097004+00:00,10869290000.0,241447409554.5,22.213724130508986,9.39607112865165,12.084787751829726,16.776604087694242,30265200000.0,1.7844689027526175,7.977723905822529,32120793660.53448,1.9551878421253348,0.9551878421253348,1.5632498360845968,48.85401911496254,Forward Expectations Elevated,"⚠ Analyst forward growth 178% is extreme; capped at 100% for growth-gap/burden math (displayed forward growth is unchanged). Needs 196% growth to look fairly valued; analysts expect 178% -- covers part of what's required, but the price still leans on the forecast coming through.",7.516856902921321,Historical Median Tactical Anchor (ROIC-adjusted),low,5,quarterly,0.4583372050980331,0.18707201666346193,0.12881430157811596,,5.214895745171963,633000000.0,0.058237474572856184,0.45210410536239753,Solid,INR,INR,1.0,,0.15406471161878144,,0.0847219814292164,0.0,0.0,184560000.0,0.0,,,,,3.0,0.0,1400120000.0,0.005798861137435239,350250000.0,Net income + D&A - maintenance capex,0.4410624342865146,0.4410624342865146,0.28699772266773316,Elevated multiple expansion,Market cap growth is outpacing revenue growth and the current multiple is above its historical 75th percentile -- expansion risk is elevated.,0.08006867939925627,-0.048396814157580195,0.0,Poor,False,93.5568209584053,48.85401911496254,P/S growth-gap,Fair Value,1.0,1.569730418879954,1.7844689027526175,0.005798861137435239,-0.220537345010099,54.0,EM,0.07,"Layer 1: India -- Grid, Manufacturing & Consumption",0.0021875,"India capex/EMS super-cycle, sub-clustered: grid & electrification, electronics manufacturing, resources/logistics, quality consumption."
HINDCOPPER.NS,2026-10-08T23:18:48.097004+00:00,34979600000.0,452083729350.0,12.924210950096628,13.748407134253501,15.498326153283216,18.645146209229853,56603000000.0,0.6181717343823256,7.986921706446655,30228702989.416733,-0.13581907770767154,-0.7539908120899972,0.0,0.0,Forward Expectations Manageable,Already trades at or below its historical valuation norm (needs 0% growth) -- 62% forecast growth would be upside on top of an already-fair price.,14.955445806202055,Historical Median Tactical Anchor (ROIC-adjusted),low,5,quarterly,0.8944356139006735,0.4153678143832405,0.32494939907831993,,224.56568778979909,10172347000.0,0.2908079852256744,0.8949331374377563,Solid,INR,INR,1.0,,0.225392755903969,,0.316947608095274,0.0,,2378879000.0,0.0,,,,,1.0,0.0,11366600000.0,0.02514268765288843,2004462000.0,Net income + D&A - maintenance capex,0.4639086614242387,0.4639086614242387,0.2385159055202697,Elevated multiple expansion,"Market cap growth is outpacing revenue growth, but the current multiple is not at an extreme historical level.",0.19981678683637635,0.19680991624000926,71.94870031418537,High & durable,False,72.06368038567952,0.0,P/S growth-gap,Deep Undervalued,2.0,0.6957027874048937,0.6181717343823256,0.02514268765288843,0.05238836536967958,77.8,EM,0.07,"Layer 1: India -- Grid, Manufacturing & Consumption",0.0021875,"India capex/EMS super-cycle, sub-clustered: grid & electrification, electronics manufacturing, resources/logistics, quality consumption."
DIACABS.NS,2026-10-08T23:18:48.097004+00:00,22981556000.0,222422627214.0,9.67831017247048,4.658815020960964,5.407080102713671,5.815731863995032,0.0,,,51893823675.08994,1.2580639742187145,,,,Insufficient data,"No usable analyst forward revenue estimate -- would need 126% growth to look fairly valued by its own history, but there's no reliable forecast to check that against.",4.2861098192840865,Historical Median Tactical Anchor (ROIC-adjusted),low,5,quarterly,0.1933114972719863,0.10205953852733035,0.08550722153016967,,4.736396038004463,-1616532000.0,-0.07034040688976848,-0.8226253365623644,Watch: cash burning,INR,INR,1.0,,4.120064937047394,,0.10001460216138273,0.0,2170136000.0,,,,,,,,,1965089000.0,0.008834932958998476,307148000.0,Net income + D&A - maintenance capex,3.3218729317858777,3.3218729317858777,-0.7981920052615159,No bubble signal,Market cap growth has not materially outpaced revenue growth over the last 3 years.,0.03071667918730017,0.12469970748882629,30.0,Weak / inconsistent,False,90.18340782333503,,P/S growth-gap,Insufficient data,1.0,3.943185619719041,4.120064937047394,0.008834932958998476,-0.185714250287351,68.0,EM,0.07,"Layer 1: India -- Grid, Manufacturing & Consumption",0.0021875,"India capex/EMS super-cycle, sub-clustered: grid & electrification, electronics manufacturing, resources/logistics, quality consumption."
2222.SR,2026-10-08T23:18:48.097004+00:00,1812465000000.0,6226696476000.0,3.4354850857809667,3.4255974832045553,3.4391659030743353,3.64124314360132,1834650058140.0,0.012240268441045865,3.3939423207021466,2002934745395.8586,0.10508878538115685,0.09284851694011098,8.213545277549743,88.3524503621862,Forward Expectations Elevated,"Needs 11% growth to look fairly valued; analysts expect 1% -- covers part of what's required, but the price still leans on the forecast coming through. Mature-company read: owner earnings yield (6.4%) is blended 50/50 with the P/S growth-gap for the final classification, since revenue growth alone is a weak value driver here.",3.1087864895814965,Historical Median Tactical Anchor (ROIC-adjusted),low,5,quarterly,0.5054403809177005,0.43997925477181626,0.21889470969094577,,46.501078780103796,276005000000.0,0.15228156129911474,0.6956840643344869,Solid,SAR,SAR,1.0,,-0.09655990750271326,,0.22922188582548741,-1.1491736533031371e-05,2297000000.0,324383000000.0,4945000000.0,,,,,1.0,3.0,396739000000.0,0.0637158084594583,86422000000.0,Net income + D&A - maintenance capex,-0.028942544539842796,-0.028953703676279363,0.0676062038264339,Mild multiple expansion,Market cap has grown somewhat faster than revenue over the last 3 years.,0.25313979762019645,-0.14166027508236967,26.87914333365501,Weak / inconsistent,True,29.20465726726855,58.778553814727374,Blended 50/50: P/S growth-gap + Owner Earnings Yield (mature-company mode),Expensive,0.75,0.04425763276601753,0.012240268441045865,0.0637158084594583,-0.031698444134486636,53.6,EM,0.07,Layer 2: GCC,0.004666666666666667,"Highly cash-generative regional energy, natural gas processing, water desalination, and telecom/digital infrastructure."
2082.SR,2026-10-08T23:18:48.097004+00:00,7821164000.0,126329857020.0,16.15230891718931,18.860697615317996,24.380783836113007,28.84117944881176,10501229760.0,0.342668400764899,12.030005999982997,8372559938.96796,0.0705004957021691,-0.2721679050627299,0.23120385684915698,0.0,Forward Expectations Manageable,Needs 7% growth to look fairly valued by its own history; analysts expect 34% -- the bar is comfortably cleared if the forecast is anywhere close to right.,15.088558092254397,Historical Median Tactical Anchor (ROIC-adjusted),low,5,quarterly,0.4647047421585841,0.2712808477101362,0.2182643146211996,,1.3572882535596533,-11173000.0,-0.0014285597386782837,-0.006545090713328776,Watch: cash burning,SAR,SAR,1.0,,0.12006039736857121,,0.03811778888494361,0.012335714767262473,136211000.0,161129333.33333334,4635435000.0,,,,,0.0,2.0,1707081000.0,0.013512886345859967,575010000.0,Net income + D&A - maintenance capex,-0.028739844054316954,-0.01675865580576419,-0.1368190531743354,No bubble signal,Market cap growth has not materially outpaced revenue growth over the last 3 years.,0.04560230913045515,-0.009322307677685715,0.0,Poor,False,84.98568183793337,0.0,P/S growth-gap,Deep Undervalued,2.0,0.3342287842129046,0.342668400764899,0.013512886345859967,-0.02195250289785437,64.7,EM,0.07,Layer 2: GCC,0.004666666666666667,"Highly cash-generative regional energy, natural gas processing, water desalination, and telecom/digital infrastructure."
7010.SR,2026-10-08T23:18:48.097004+00:00,79268287000.0,212565778200.0,2.6815992403115763,2.6348284915170037,2.7064437572933446,2.7180906211440177,85760043990.0,0.08189601712977601,2.478610881132315,100844219502.50694,0.27218870646853954,0.19029268933876353,3.05835715888694,69.91204440760225,Forward Expectations Elevated,"Needs 27% growth to look fairly valued; analysts expect 8% -- covers part of what's required, but the price still leans on the forecast coming through. Mature-company read: owner earnings yield (6.9%) is blended 50/50 with the P/S growth-gap for the final classification, since revenue growth alone is a weak value driver here.",2.107862793213603,Historical Median Tactical Anchor (ROIC-adjusted),low,5,quarterly,0.4879493106745198,0.1857367751620519,0.18512746465683055,,11.485090403034185,9078340000.0,0.11452675897991842,0.6186373220862493,Solid,SAR,SAR,1.0,,0.04891486057777228,,0.16153229782008807,0.0005095574994533614,,10981846000.0,7566000.0,,,,,2.0,1.0,14674737000.0,0.06903621610338781,10146935000.0,Net income + D&A - maintenance capex,0.1269160761489052,0.12749030468676148,0.0785754441089892,Mild multiple expansion,Market cap has grown somewhat faster than revenue over the last 3 years.,0.14036645274831408,-0.047348208136575226,0.0,Poor,True,23.293093218457983,46.60256881303012,Blended 50/50: P/S growth-gap + Owner Earnings Yield (mature-company mode),Fair Value,1.0,0.07961453613247024,0.08189601712977601,0.06903621610338781,-0.07131769710069358,65.0,EM,0.07,Layer 2: GCC,0.004666666666666667,"Highly cash-generative regional energy, natural gas processing, water desalination, and telecom/digital infrastructure."
VALE,2026-10-08T23:18:48.097004+00:00,8218334800.0,57112337033.588936,6.949380674244244,6.99337792750322,7.570147853270062,8.14392028929419,8255757279.287001,0.004553535502958672,6.917879862684308,9839367092.340178,0.19724583285900898,0.1926922973560503,39.6248896059393,97.69144146826487,Forward Expectations Stretched,"⚠ Historical P/S converts all past periods at TODAY's FX rate -- percentiles are approximate for foreign-currency reporters (material mainly for high-inflation currencies). Needs 20% growth to look fairly valued by its own history, but analysts only expect 0% -- the price is asking for more growth than is currently forecast. Mature-company read: owner earnings yield (0.7%) is blended 50/50 with the P/S growth-gap for the final classification, since revenue growth alone is a weak value driver here.",5.8044726350387075,Historical Median Tactical Anchor (ROIC-adjusted),low,5,quarterly,0.34819090115433116,0.2827868852459016,0.05114463090503443,,4.928571428571429,3555000000.0,0.08621107769909787,1.6856330014224752,Solid,BRL,USD,0.1993,Revenue converted from BRL to USD at 0.1993 to match the share price currency.,-0.04316988050205395,,0.11830906587675748,-0.01619473612884581,214000000.0,4327000000.0,1782000000.0,-0.17545506482091844,^GSPC,0.1448588116429148,-0.32031387646383325,0.0,8.0,420323700.0,0.0073595955240423625,673036100.0,Net income + D&A - maintenance capex,0.10657542374021278,0.08865472674607422,0.13182460724812817,Mild multiple expansion,Market cap has grown somewhat faster than revenue over the last 3 years.,0.18392460788450685,-0.20642651515714072,7.4988902076619155,Poor,True,91.82267163995293,94.7570565541089,Blended 50/50: P/S growth-gap + Owner Earnings Yield (mature-company mode),Very Expensive,0.5,-0.0430034192323522,0.004553535502958672,0.0073595955240423625,-0.054916550259353235,36.3,EM,0.07,Layer 3: Other EM / China / LatAm,0.0023333333333333335,"Resource-rich EM plus China value: iron ore, Indonesian telecom, Chinese cash traps, LatAm energy; proxy vehicles as satellites."
TLK,2026-10-08T23:18:48.097004+00:00,14961600000.0,12697225287.856934,0.848654240713355,115.63868636670762,116.50358934128653,126.78719972766385,15503257834.0,0.03620320246497699,0.8190036845037053,132809694.24351664,-0.9911232960215808,-1.0273264984865578,0.0,0.0,Forward Expectations Manageable,⚠ Historical P/S converts all past periods at TODAY's FX rate -- percentiles are approximate for foreign-currency reporters (material mainly for high-inflation currencies). Already trades at or below its historical valuation norm (needs 0% growth) -- 4% forecast growth would be upside on top of an already-fair price.,95.60465717642275,Historical Median Tactical Anchor (ROIC-adjusted),low,5,quarterly,0.668758688910277,0.23043658432253236,0.11451983745054005,,7.430387931034483,40542000000000.0,0.27097369265319216,2.3661725224699426,Solid,IDR,USD,0.0001,Revenue converted from IDR to USD at 0.0001 to match the share price currency.,-0.0012778871708397643,,0.15657566394462202,-3.0101181457964366e-05,1505000000000.0,0.0,,-0.2628092447561303,^GSPC,0.1448588116429148,-0.40766805639904513,1.0,0.0,,,,,-0.1310870742751502,-0.13111322958079863,-0.12983534240995886,No bubble signal,Market cap growth has not materially outpaced revenue growth over the last 3 years.,0.18102966740212054,-0.0615240583867345,6.688306872593742,Poor,True,,0.0,P/S growth-gap,Deep Undervalued,2.0,37.254345523127135,0.03620320246497699,0.0,37.21814232066216,75.1,EM,0.07,Layer 3: Other EM / China / LatAm,0.0023333333333333335,"Resource-rich EM plus China value: iron ore, Indonesian telecom, Chinese cash traps, LatAm energy; proxy vehicles as satellites."
BABAF,2026-10-08T23:18:48.097004+00:00,156118667400.0,261710760017.10495,1.6763578909276864,1.8952586770777613,2.3447859690013186,2.757604729860797,189266952104.118,0.21232748944229085,1.3827599436014308,172608865469.37512,0.10562604936362097,-0.10670144007866988,0.5215054655127668,0.0,Forward Expectations Manageable,⚠ Historical P/S converts all past periods at TODAY's FX rate -- percentiles are approximate for foreign-currency reporters (material mainly for high-inflation currencies). Needs 11% growth to look fairly valued by its own history; analysts expect 21% -- the bar is comfortably cleared if the forecast is anywhere close to right.,1.516206941662209,Historical Median Tactical Anchor (ROIC-adjusted),low,5,quarterly,0.3819895480353043,0.04238969311110069,0.07039142713051368,,4.582186821144099,-48451000000.0,-0.046365880010067265,-0.6586864608398929,Watch: cash burning,CNY,USD,0.1494,Revenue converted from CNY to USD at 0.1494 to match the share price currency.,0.05624715260175872,,0.037825944921291585,-0.03265085327956063,,,,-0.15985182343596682,^GSPC,0.1448588116429148,-0.30471063507888163,,,,,,,0.10970805054125976,0.07347513579988973,0.017227983198131014,No bubble signal,Market cap growth has not materially outpaced revenue growth over the last 3 years.,0.08066838915184506,-0.04794429414967706,0.0,Poor,True,,0.0,P/S growth-gap,Deep Undervalued,2.0,0.18048246992464065,0.21232748944229085,0.0,-0.03184501951765021,67.0,EM,0.07,Layer 3: Other EM / China / LatAm,0.0023333333333333335,"Resource-rich EM plus China value: iron ore, Indonesian telecom, Chinese cash traps, LatAm energy; proxy vehicles as satellites."
0941.HK,2026-10-08T23:18:48.097004+00:00,1228088653362.5127,1721685521132.8948,1.401922830586303,1.0733602393522934,1.208878188372769,1.2685404239531286,1243692535602.172,0.012705827219342769,1.3843337254567405,1889902728733.1602,0.5388976386668807,0.5261918114475379,34.14174442422392,97.64225591138712,Forward Expectations Elevated,"⚠ Historical P/S converts all past periods at TODAY's FX rate -- percentiles are approximate for foreign-currency reporters (material mainly for high-inflation currencies). Needs 54% growth to look fairly valued; analysts expect 1% -- covers part of what's required, but the price still leans on the forecast coming through. Mature-company read: owner earnings yield (11.8%) is blended 50/50 with the P/S growth-gap for the final classification, since revenue growth alone is a weak value driver here.",0.9109916055240448,Historical Median Tactical Anchor (ROIC-adjusted),low,4,annual,0.5822743949410915,0.15024276628828961,0.13054341750564424,0.010656471162450176,49.570530945648756,75968000000.0,0.0723375932095903,0.5541267004631825,Solid,CNY,HKD,1.1693999767303467,Revenue converted from CNY to HKD at 1.169 to match the share price currency.,0.03864947562255727,,0.0861007103855191,0.0043775407979604886,0.0,103410000000.0,3147000000.0,0.04781452028868083,^HSI,-0.06806929292749475,0.11588381321617558,1.0,2.0,202527212569.95203,0.11763310435269625,183538495747.80463,Net income + D&A - maintenance capex,0.14098047484947074,0.1459751634278006,0.10732568780524332,Mild multiple expansion,Market cap has grown somewhat faster than revenue over the last 3 years.,0.0884342512833124,0.0023676274605525516,12.182166835659004,Poor,True,0.0,48.82112795569356,Blended 50/50: P/S growth-gap + Owner Earnings Yield (mature-company mode),Fair Value,1.0,0.013610864864557426,0.012705827219342769,0.11763310435269625,-0.11672806670748159,63.1,EM,0.07,Layer 3: Other EM / China / LatAm,0.0023333333333333335,"Resource-rich EM plus China value: iron ore, Indonesian telecom, Chinese cash traps, LatAm energy; proxy vehicles as satellites."
1088.HK,2026-10-08T23:18:48.097004+00:00,397159805896.9975,941755197765.1396,2.3712248414417387,1.9483498753093753,2.1302247093714115,2.39782649413958,464584730372.0545,0.16976774455505583,2.027090294187998,568627616034.2706,0.43173505372732235,0.2619673091722665,2.288744167246636,60.67779461283246,Forward Expectations Stretched,"⚠ Historical P/S converts all past periods at TODAY's FX rate -- percentiles are approximate for foreign-currency reporters (material mainly for high-inflation currencies). Needs 43% growth to look fairly valued by its own history, but analysts only expect 17% -- the price is asking for more growth than is currently forecast.",1.656189694642585,Historical Median Tactical Anchor (ROIC-adjusted),low,5,quarterly,0.35157982139229216,0.23707184646685922,0.16254302514228844,,22.674176288369473,27786000000.0,0.08181328339619641,0.5033330918049417,Solid,CNY,HKD,1.1693999767303467,Revenue converted from CNY to HKD at 1.169 to match the share price currency.,-0.05051267911068136,,0.16218320255626567,0.0,,23509000000.0,122184000000.0,0.007276148972869212,^HSI,-0.06806929292749475,0.07534544190036396,3.0,2.0,,,,,0.3022864269785843,0.3022864269785843,0.3527991060892657,High multiple expansion risk,Market cap growth is outpacing revenue growth and the current multiple is above its historical 75th percentile -- expansion risk is elevated.,0.20182801227207037,-0.14376228339015767,12.511843436179703,Poor,True,,60.67779461283246,P/S growth-gap,Expensive,0.75,0.06925216089233828,0.16976774455505583,0.0,-0.10051558366271755,42.2,EM,0.07,Layer 3: Other EM / China / LatAm,0.0023333333333333335,"Resource-rich EM plus China value: iron ore, Indonesian telecom, Chinese cash traps, LatAm energy; proxy vehicles as satellites."
0883.HK,2026-10-08T23:18:48.097004+00:00,465678458733.55865,1142620137290.3325,2.4536675808405626,1.3288835352627895,1.7307462915109975,1.9348710435316678,522947441543.55273,0.122979669202953,2.1849617122472744,1046185983570.1559,1.2465844488820106,1.1236047796790576,6.978549392410625,90.1346700327245,Forward Expectations Elevated,"⚠ Historical P/S converts all past periods at TODAY's FX rate -- percentiles are approximate for foreign-currency reporters (material mainly for high-inflation currencies). Needs 125% growth to look fairly valued; analysts expect 12% -- covers part of what's required, but the price still leans on the forecast coming through. Mature-company read: owner earnings yield (12.5%) is blended 50/50 with the P/S growth-gap for the final classification, since revenue growth alone is a weak value driver here.",1.092176874126234,Historical Median Tactical Anchor (ROIC-adjusted),low,4,annual,0.6749008085982623,0.4354427201044649,0.3065692330872382,-0.03451278244003312,26.64443761524278,97487000000.0,0.24480689066345238,0.7985370488687931,Solid,CNY,HKD,1.1693999767303467,Revenue converted from CNY to HKD at 1.169 to match the share price currency.,-0.02694423876149865,,0.1572768569258744,-0.00025801978985995344,0.0,60432000000.0,7305000000.0,-0.023855052138732846,^HSI,-0.06806929292749475,0.044214240788761905,2.0,6.0,142762687959.19418,0.1249432626819871,94861726112.36572,Net income + D&A - maintenance capex,0.3089997512388627,0.30866200339812133,0.33560624215962,High multiple expansion risk,Market cap growth is far ahead of revenue growth while P/S is near historical highs -- multiple expansion is doing most of the work.,0.1766745899475346,-0.06119120407942427,5.468885185309688,Poor,True,0.0,45.06733501636225,Blended 50/50: P/S growth-gap + Owner Earnings Yield (mature-company mode),Fair Value,1.0,0.06296298086501734,0.122979669202953,0.1249432626819871,-0.18495995101992277,57.9,EM,0.07,Layer 3: Other EM / China / LatAm,0.0023333333333333335,"Resource-rich EM plus China value: iron ore, Indonesian telecom, Chinese cash traps, LatAm energy; proxy vehicles as satellites."
YPF,2026-10-08T23:18:48.097004+00:00,20704000000.0,19564545892.659058,0.9449645427288957,7.742931173723499,8.415298488973702,9.03810616709561,,,,3158452763.834051,-0.8474472196757123,,,,Insufficient data,"⚠ Yahoo tags this ticker's financials as ARS vs. a USD share price, but converting at 0.0007 produces an implausible P/S (1349.95x) while leaving the figures unconverted gives a plausible one (0.94x) -- treating ARS currency tag as incorrect and using unconverted figures. ⚠ Forward revenue estimate is 1480.9x TTM revenue (outside 0.2-5.0x) -- units mismatch suspected; forward fields ignored. No usable analyst forward revenue estimate -- would need -85% growth to look fairly valued by its own history, but there's no reliable forecast to check that against.",6.1943449389788,Historical Median Tactical Anchor (ROIC-adjusted),low,5,quarterly,0.3552936630602782,0.17870942812982998,0.03598338485316847,,3.602726387536514,2415000000.0,0.11664412673879443,3.2416107382550337,Solid,ARS,USD,,"Yahoo tags this ticker's financials as ARS vs. a USD share price, but converting at 0.0007 produces an implausible P/S (1349.95x) while leaving the figures unconverted gives a plausible one (0.94x) -- treating ARS currency tag as incorrect and using unconverted figures.",-0.0027738639165714174,,0.03874863310036609,-0.0007651430172422868,,0.0,776000000.0,0.147654141012725,^GSPC,0.1448588116429148,0.0027953293698101955,1.0,0.0,,,,,0.6341575777288355,0.6329072134691627,0.6356810773857341,High multiple expansion risk,"Market cap growth is outpacing revenue growth, but the current multiple is not at an extreme historical level.",0.06285786735629054,-0.06499013346003812,0.0,Poor,True,,,P/S growth-gap,Insufficient data,1.0,1.8489289104156068,-0.0027738639165714174,0.0,1.8517027743321783,55.4,EM,0.07,Layer 3: Other EM / China / LatAm,0.0023333333333333335,"Resource-rich EM plus China value: iron ore, Indonesian telecom, Chinese cash traps, LatAm energy; proxy vehicles as satellites."
INDO,2026-10-08T23:18:48.097004+00:00,2012543.0,43237019.51955795,21.483774269448134,15.799320695359246,19.04059871940334,24.86356729176396,0.0,,,3185945.8411901738,0.5830448547882823,,,,Forward Expectations Stretched,"No usable analyst forward revenue estimate -- would need 58% growth to look fairly valued by its own history, but there's no reliable forecast to check that against. Mature-company read: owner earnings yield (-9.1%) is blended 50/50 with the P/S growth-gap for the final classification, since revenue growth alone is a weak value driver here.",13.571172165125663,Historical Median Tactical Anchor (ROIC-adjusted),low,4,annual,-0.5589271881395826,-2.683451732459878,-2.534010453441243,1.1005860418345685,,-5479543.0,-2.7226961113377453,1.0744612784214298,"Caution: unprofitable, cash burning",USD,USD,1.0,,-0.21099668288805784,,-0.2838015269673861,0.13900345073041254,,,,-0.12461062012894508,^GSPC,0.1448588116429148,-0.2694694317718599,,,-3946535.0,-0.0912767587556495,44691.0,Net income + D&A - maintenance capex,-0.061432166679421085,0.06903200089670603,0.28002868378476387,Elevated multiple expansion,Market cap growth is outpacing revenue growth and the current multiple is above its historical 75th percentile -- expansion risk is elevated.,-0.271363814162853,0.02457161573598382,14.742969441590292,Poor,True,100.0,100.0,"Owner Earnings Yield only (mature-company mode, no forward P/S read)",Very Expensive,0.5,-0.4250420949396493,-0.21099668288805784,-0.0912767587556495,-0.12276865329594196,9.0,EM,0.07,Layer 3: Other EM / China / LatAm,0.0023333333333333335,"Resource-rich EM plus China value: iron ore, Indonesian telecom, Chinese cash traps, LatAm energy; proxy vehicles as satellites."
KAP.IL,2026-10-08T23:18:48.097004+00:00,4133087208.9127083,16287619097.599998,3.9407876665357815,3.163874973664334,4.258156964764176,4.8012934211268234,4525810413.789004,0.09501933664245366,3.598829294301795,4742865712.957634,0.14753584263356023,0.05251650599110658,1.5160717434803332,35.59576103926393,Forward Expectations Elevated,"⚠ Historical P/S converts all past periods at TODAY's FX rate -- percentiles are approximate for foreign-currency reporters (material mainly for high-inflation currencies). Needs 15% growth to look fairly valued; analysts expect 10% -- covers part of what's required, but the price still leans on the forecast coming through.",3.4341303514248347,Historical Median Tactical Anchor (ROIC-adjusted),low,5,quarterly,0.4655250989404079,0.41277819935981636,0.2821209684873995,,31.501230415880567,280621000000.0,0.1508134503062262,0.5345701566062859,Solid,KZT,USD,0.002221234841272235,Revenue converted from KZT to USD at 0.002221 to match the share price currency.,0.21665213532725036,,0.28299827310486325,0.0,,0.0,0.0,,,,,,,,,,,0.23044414582177342,0.23044414582177342,0.013792010494523055,No bubble signal,Market cap growth has not materially outpaced revenue growth over the last 3 years.,0.32752529029059013,0.0022579616253894375,71.35477697523366,High & durable,False,,35.59576103926393,P/S growth-gap,Fair Value,1.0,0.052163495121788604,0.09501933664245366,0.0,-0.04285584152066505,74.3,EM,0.07,Layer 3: Other EM / China / LatAm,0.0023333333333333335,"Resource-rich EM plus China value: iron ore, Indonesian telecom, Chinese cash traps, LatAm energy; proxy vehicles as satellites."
NVO,2026-10-08T23:18:48.097004+00:00,49425152110.14449,168540079981.47427,3.4100062981269303,5.047840275502498,5.536587807068522,5.978488426444188,45686604970.94895,-0.07564057933224255,3.6890480281615363,34779742173.31173,-0.2963149188533666,-0.22067433952112403,,0.0,Forward Expectations Manageable,⚠ Historical P/S converts all past periods at TODAY's FX rate -- percentiles are approximate for foreign-currency reporters (material mainly for high-inflation currencies). Already trades at or below its historical valuation norm (needs 0% growth) -- -8% forecast growth would be upside on top of an already-fair price.,4.8459266644823975,Historical Median Tactical Anchor (ROIC-adjusted),low,5,quarterly,0.8064845142078311,0.43134070564093846,0.35346703862113765,,25.59845072959827,47789000000.0,0.14506527922387388,0.41040680848140293,Solid,DKK,USD,0.15003187954425812,Revenue converted from DKK to USD at 0.15 to match the share price currency.,0.2042851902310494,,0.33554021354927066,-0.004189614448692369,5899000000.0,51975000000.0,1048000000.0,0.02812752668482199,^GSPC,0.1448588116429148,-0.11673128495809282,1.0,1.0,17470162149.77205,0.1036558316080801,2977082585.796714,Net income + D&A - maintenance capex,-0.23210875030024813,-0.23532591857501461,-0.439611108806064,No bubble signal,Market cap growth has not materially outpaced revenue growth over the last 3 years.,0.4884975560854213,-0.2869746382222642,40.0,Weak / inconsistent,False,0.0,0.0,P/S growth-gap,Deep Undervalued,2.0,0.16837866520601297,-0.07564057933224255,0.1036558316080801,0.1403634129301754,90.8,Business & Futuristic Overlay,0.06,"Health, Biotech & Longevity",0.018,"Metabolic healthcare, oncology and rare disease therapeutics, robotic-assisted surgery, and life-sciences tools/reagents."
AZN,2026-10-08T23:18:48.097004+00:00,61366000000.0,246252811821.5645,4.0128542160408776,4.651086731816143,4.931572510704784,5.105350309182206,67049535440.0,0.0926170100707231,3.6726997466213094,52218046604.29923,-0.14907201700780182,-0.2416890270785249,0.0,0.0,Forward Expectations Elevated,"Already trades at or below its historical valuation norm (needs 0% growth) -- 9% forecast growth would be upside on top of an already-fair price. Mature-company read: owner earnings yield (4.2%) is blended 50/50 with the P/S growth-gap for the final classification, since revenue growth alone is a weak value driver here.",4.7158564487797205,Historical Median Tactical Anchor (ROIC-adjusted),low,5,quarterly,0.8187921650425317,0.2276667861682365,0.17022455431346348,,8.00171821305842,6044000000.0,0.09849102108659519,0.578594677388474,Solid,USD,USD,1.0,,0.09818214247884915,,0.15250295665217303,0.00020651088011169882,,4902000000.0,925000000.0,-0.22269547433155312,^GSPC,0.1448588116429148,-0.36755428597446793,0.0,0.0,10446000000.0,0.04241982019506523,6112000000.0,Net income + D&A - maintenance capex,0.07460087122032588,0.07482278799201048,-0.02335935448683868,No bubble signal,Market cap growth has not materially outpaced revenue growth over the last 3 years.,0.1338622472050677,0.07732049922557258,53.481429217418956,Moderate,True,52.86686644992752,26.43343322496376,Blended 50/50: P/S growth-gap + Owner Earnings Yield (mature-company mode),Undervalued,1.5,0.19343269140694158,0.0926170100707231,0.04241982019506523,0.05839586114115325,74.4,Business & Futuristic Overlay,0.06,"Health, Biotech & Longevity",0.012,"Metabolic healthcare, oncology and rare disease therapeutics, robotic-assisted surgery, and life-sciences tools/reagents."
ISRG,2026-10-08T23:18:48.097004+00:00,11034400000.0,146755231059.3228,13.299792563195354,16.309883741128964,19.31063392782444,19.66019567478148,13263738370.0,0.20203530504603795,11.064394288057931,8897240281.60914,-0.19368155209081228,-0.39571685713685023,0.0,0.0,Forward Expectations Manageable,Already trades at or below its historical valuation norm (needs 0% growth) -- 20% forecast growth would be upside on top of an already-fair price.,16.494466420410184,Historical Median Tactical Anchor (ROIC-adjusted),low,5,quarterly,0.6667875009062568,0.3127673457550932,0.28445588341912564,,,3222600000.0,0.2920503153773653,1.0266981011851664,Solid,USD,USD,1.0,,0.17386716793068868,,0.17700222235413615,0.004833740166297007,3557800000.0,,494900000.0,-0.10138875841687522,^GSPC,0.1448588116429148,-0.24624757005979003,1.0,0.0,3449200000.0,0.023503080436061124,483800000.0,Net income + D&A - maintenance capex,0.11974074118402656,0.12515327698052703,-0.048713890950161653,No bubble signal,Market cap growth has not materially outpaced revenue growth over the last 3 years.,0.15826493609699135,0.03752520831643308,52.82930709701742,Moderate,False,73.8854661821543,0.0,P/S growth-gap,Deep Undervalued,2.0,0.3056066482522389,0.20203530504603795,0.023503080436061124,0.08006826277013983,78.8,Business & Futuristic Overlay,0.06,"Health, Biotech & Longevity",0.012,"Metabolic healthcare, oncology and rare disease therapeutics, robotic-assisted surgery, and life-sciences tools/reagents."
TMO,2026-10-08T23:18:48.097004+00:00,46336000000.0,241067828304.65332,5.202603338757194,4.246774105688274,4.690522781689691,4.894288148718253,50341325260.0,0.08644089390538667,4.788666707910449,70956160577.78975,0.5313397914750895,0.4448988975697028,5.1400053360493345,83.73152259773128,Forward Expectations Stretched,"Needs 53% growth to look fairly valued by its own history, but analysts only expect 9% -- the price is asking for more growth than is currently forecast. Mature-company read: owner earnings yield (3.4%) is blended 50/50 with the P/S growth-gap for the final classification, since revenue growth alone is a weak value driver here.",3.3974192845506197,Historical Median Tactical Anchor (ROIC-adjusted),low,5,quarterly,0.408019682320442,0.18292472375690608,0.15035825276243095,,5.777777777777778,7318000000.0,0.15793335635359115,1.0503803645758576,Solid,USD,USD,1.0,,-0.0026639607700198464,,0.09046263222838728,-0.012349028654067284,5000000000.0,662000000.0,12909000000.0,0.2972903650318768,^GSPC,0.1448588116429148,0.15243155338896197,1.0,3.0,8214000000.0,0.034073397756001794,1695000000.0,Net income + D&A - maintenance capex,0.09688358233977623,0.08333813555128633,0.08600209632130618,Mild multiple expansion,Market cap has grown somewhat faster than revenue over the last 3 years.,0.0921601920467038,-0.020253452574998984,0.0,Poor,True,62.140669159998005,72.93609587886465,Blended 50/50: P/S growth-gap + Owner Earnings Yield (mature-company mode),Expensive,0.75,0.004855268882112004,0.08644089390538667,0.034073397756001794,-0.11565902277927646,49.5,Business & Futuristic Overlay,0.06,"Health, Biotech & Longevity",0.009,"Metabolic healthcare, oncology and rare disease therapeutics, robotic-assisted surgery, and life-sciences tools/reagents."
RHHBY,2026-10-08T23:18:48.097004+00:00,76203994837.76093,339677249865.84784,4.457473005044212,0.35609221083851417,0.4087777853443833,0.49402161418741514,79148699288.7456,0.03864238951322685,4.291634011907857,1087962719624.2136,13.276977498889622,13.238335109376395,70.12226670644039,99.7089519092997,Forward Expectations Stretched,"⚠ Historical P/S converts all past periods at TODAY's FX rate -- percentiles are approximate for foreign-currency reporters (material mainly for high-inflation currencies). Needs 1328% growth to look fairly valued by its own history, but analysts only expect 4% -- the price is asking for more growth than is currently forecast. Mature-company read: owner earnings yield (4.6%) is blended 50/50 with the P/S growth-gap for the final classification, since revenue growth alone is a weak value driver here.",0.312214052686634,Historical Median Tactical Anchor (ROIC-adjusted),low,4,annual,0.7372782372624535,0.2916219458299135,0.20329566260496243,1.2720110573600554,13.726597325408617,13073000000.0,0.2063419407790896,1.0149844720496894,Solid,CHF,USD,1.2027904987335205,Revenue converted from CHF to USD at 1.203 to match the share price currency.,-0.012607506839578675,,0.24459680938157774,-0.0014883335638746775,0.0,7731000000.0,895000000.0,0.06409742346459213,^GSPC,0.1448588116429148,-0.08076138817832268,2.0,0.0,15491941623.687744,0.04560782810684593,4072648628.7117004,Net income + D&A - maintenance capex,0.20128039050077362,0.1994924845759669,0.21209999141554559,Elevated multiple expansion,Market cap growth is outpacing revenue growth and the current multiple is above its historical 75th percentile -- expansion risk is elevated.,0.2208267062399377,-0.047728019804661403,19.194665864385705,Poor,True,49.32463543683785,74.51679367306878,Blended 50/50: P/S growth-gap + Owner Earnings Yield (mature-company mode),Expensive,0.75,-0.22573550356221123,0.03864238951322685,0.04560782810684593,-0.309985721182284,48.7,Business & Futuristic Overlay,0.06,"Health, Biotech & Longevity",0.009,"Metabolic healthcare, oncology and rare disease therapeutics, robotic-assisted surgery, and life-sciences tools/reagents."
MSTR,2026-10-08T23:18:48.097004+00:00,498347000.0,60398787949.50638,121.19825733777142,105.28575936854365,177.69440299497555,201.16832047953855,512855010.0,0.029112265148581118,117.76971419174862,717081639.4324238,0.43892034954042836,0.40980808439184724,12.680724627391642,93.36730111076803,Forward Expectations Stretched,"⚠ Current P/S 121.20 is outside the plausible 0.05-100 band -- likely a units/currency mismatch in the source data; treat all multiples with caution. Needs 44% growth to look fairly valued by its own history, but analysts only expect 3% -- the price is asking for more growth than is currently forecast. Mature-company read: owner earnings yield (-50.4%) is blended 50/50 with the P/S growth-gap for the final classification, since revenue growth alone is a weak value driver here.",84.22860749483493,Historical Median Tactical Anchor (ROIC-adjusted),low,5,quarterly,0.6760088853750499,-0.08127469413882295,-61.02961591019912,,-0.6372103267624247,-21749505000.0,-43.643294732385264,0.7151166541274546,"Caution: unprofitable, cash burning",USD,USD,1.0,,-0.014930804375807294,,-0.0005672053771406235,0.3928326906050654,,952400000.0,,0.18059234308512262,^GSPC,0.1448588116429148,0.03573353144220781,2.0,1.0,-30413926000.0,-0.5035519259993455,30964000.0,Net income + D&A - maintenance capex,0.6427517044418583,1.2880782764938106,1.303009080869618,High multiple expansion risk,"Market cap growth is outpacing revenue growth, but the current multiple is not at an extreme historical level.",-0.0007938540091228168,-0.00469206802218968,0.0,Poor,True,100.0,96.68365055538402,Blended 50/50: P/S growth-gap + Owner Earnings Yield (mature-company mode),Very Expensive,0.5,-0.5761178275587905,0.029112265148581118,-0.5035519259993455,-0.10167816670802605,9.4,BTC,0.25,Equity Satellites (capped),0.0125,High-volatility BTC expressions; trim into NAV-premium strength.
RIOT,2026-10-08T23:18:48.097004+00:00,674514000.0,6319360522.659969,9.368761097115804,8.480032649407333,10.060509859507832,11.332166025401243,799823850.0,0.18577798236952825,7.900940341626433,810005151.7851311,0.20087226030168548,0.01509427793215723,1.074232159158047,7.514366547918305,Forward Expectations Manageable,Needs 20% growth to look fairly valued by its own history; analysts expect 19% -- the bar is comfortably cleared if the forecast is anywhere close to right.,7.801630037454745,Historical Median Tactical Anchor (ROIC-adjusted),low,5,quarterly,0.28256937587655706,-0.635304826882763,-1.962768749054875,,-20.359274040288863,-1097215000.0,-1.6266749096386435,0.8287654418901516,"Caution: unprofitable, cash burning",USD,USD,1.0,,0.3568648424628573,,-0.4282815231483748,0.30354875824689587,6221000.0,,0.0,0.04531343976283053,^GSPC,0.1448588116429148,-0.09954537188008428,0.0,1.0,-1323915000.0,-0.20950141952697654,381206000.0,Net income + D&A - maintenance capex,0.1924856197045861,0.5544631487931933,0.19759830633033593,Elevated multiple expansion,Market cap has grown somewhat faster than revenue over the last 3 years.,-0.7049559049496675,0.5533487636025853,30.0,Weak / inconsistent,False,100.0,7.514366547918305,P/S growth-gap,Deep Undervalued,2.0,-0.0794807581598842,0.18577798236952825,-0.20950141952697654,-0.05575732100243591,48.9,BTC,0.25,Equity Satellites (capped),0.0125,High-volatility BTC expressions; trim into NAV-premium strength.
